reference	length_class	chr	annotation	ref_len	below_1mb
Allenopithecus_nigroviridis	1e+06	autosomes	NA	250827038	TRUE
Allenopithecus_nigroviridis	29743482	autosomes	NA	29743482	FALSE
Allenopithecus_nigroviridis	39541252	autosomes	NA	39541252	FALSE
Allenopithecus_nigroviridis	42676822	autosomes	NA	42676822	FALSE
Allenopithecus_nigroviridis	67966000	autosomes	NA	67966000	FALSE
Allenopithecus_nigroviridis	68035352	autosomes	NA	68035352	FALSE
Allenopithecus_nigroviridis	68352201	autosomes	NA	68352201	FALSE
Allenopithecus_nigroviridis	83703193	autosomes	NA	83703193	FALSE
Allenopithecus_nigroviridis	84253057	autosomes	NA	84253057	FALSE
Allenopithecus_nigroviridis	85484296	autosomes	NA	85484296	FALSE
Allenopithecus_nigroviridis	93636631	autosomes	NA	93636631	FALSE
Allenopithecus_nigroviridis	100068026	autosomes	NA	100068026	FALSE
Allenopithecus_nigroviridis	100818475	autosomes	NA	100818475	FALSE
Allenopithecus_nigroviridis	114367930	autosomes	NA	114367930	FALSE
Allenopithecus_nigroviridis	115073448	autosomes	NA	115073448	FALSE
Allenopithecus_nigroviridis	118705685	autosomes	NA	118705685	FALSE
Allenopithecus_nigroviridis	119237272	autosomes	NA	119237272	FALSE
Allenopithecus_nigroviridis	119957108	autosomes	NA	119957108	FALSE
Allenopithecus_nigroviridis	130436357	autosomes	NA	130436357	FALSE
Allenopithecus_nigroviridis	132264030	chrX	NA	132264030	FALSE
Allenopithecus_nigroviridis	136222381	autosomes	NA	136222381	FALSE
Allenopithecus_nigroviridis	153277761	autosomes	NA	153277761	FALSE
Allenopithecus_nigroviridis	161743863	autosomes	NA	161743863	FALSE
Allenopithecus_nigroviridis	170753165	autosomes	NA	170753165	FALSE
Allenopithecus_nigroviridis	203016725	autosomes	NA	203016725	FALSE
Aotus_nancymaae	1e+06	autosomes	NA	149206485	TRUE
Aotus_nancymaae	1013915	autosomes	NA	1013915	FALSE
Aotus_nancymaae	1033533	autosomes	NA	1033533	FALSE
Aotus_nancymaae	1061704	autosomes	NA	1061704	FALSE
Aotus_nancymaae	1139626	autosomes	NA	1139626	FALSE
Aotus_nancymaae	1148434	autosomes	NA	1148434	FALSE
Aotus_nancymaae	1156117	autosomes	NA	1156117	FALSE
Aotus_nancymaae	1230412	autosomes	NA	1230412	FALSE
Aotus_nancymaae	1265949	autosomes	NA	1265949	FALSE
Aotus_nancymaae	1321757	autosomes	NA	1321757	FALSE
Aotus_nancymaae	1326925	autosomes	NA	1326925	FALSE
Aotus_nancymaae	1426090	autosomes	NA	1426090	FALSE
Aotus_nancymaae	1494538	autosomes	NA	1494538	FALSE
Aotus_nancymaae	1503874	autosomes	NA	1503874	FALSE
Aotus_nancymaae	1545901	autosomes	NA	1545901	FALSE
Aotus_nancymaae	1557127	autosomes	NA	1557127	FALSE
Aotus_nancymaae	1631475	autosomes	NA	1631475	FALSE
Aotus_nancymaae	1649021	autosomes	NA	1649021	FALSE
Aotus_nancymaae	1681635	autosomes	NA	1681635	FALSE
Aotus_nancymaae	1750657	autosomes	NA	1750657	FALSE
Aotus_nancymaae	1830167	autosomes	NA	1830167	FALSE
Aotus_nancymaae	1849486	autosomes	NA	1849486	FALSE
Aotus_nancymaae	2132218	autosomes	NA	2132218	FALSE
Aotus_nancymaae	2145027	autosomes	NA	2145027	FALSE
Aotus_nancymaae	2160086	autosomes	NA	2160086	FALSE
Aotus_nancymaae	2310207	autosomes	NA	2310207	FALSE
Aotus_nancymaae	2320923	autosomes	NA	2320923	FALSE
Aotus_nancymaae	2362792	autosomes	NA	2362792	FALSE
Aotus_nancymaae	2390071	autosomes	NA	2390071	FALSE
Aotus_nancymaae	2411680	autosomes	NA	2411680	FALSE
Aotus_nancymaae	2462777	autosomes	NA	2462777	FALSE
Aotus_nancymaae	2464323	autosomes	NA	2464323	FALSE
Aotus_nancymaae	2587364	autosomes	NA	2587364	FALSE
Aotus_nancymaae	2600389	autosomes	NA	2600389	FALSE
Aotus_nancymaae	2676716	autosomes	NA	2676716	FALSE
Aotus_nancymaae	2678647	autosomes	NA	2678647	FALSE
Aotus_nancymaae	2695677	autosomes	NA	2695677	FALSE
Aotus_nancymaae	2761332	autosomes	NA	2761332	FALSE
Aotus_nancymaae	2762810	autosomes	NA	2762810	FALSE
Aotus_nancymaae	2779755	autosomes	NA	2779755	FALSE
Aotus_nancymaae	2794615	autosomes	NA	2794615	FALSE
Aotus_nancymaae	2805987	autosomes	NA	2805987	FALSE
Aotus_nancymaae	2949411	autosomes	NA	2949411	FALSE
Aotus_nancymaae	2992996	autosomes	NA	2992996	FALSE
Aotus_nancymaae	3054600	autosomes	NA	3054600	FALSE
Aotus_nancymaae	3140929	autosomes	NA	3140929	FALSE
Aotus_nancymaae	3297667	autosomes	NA	3297667	FALSE
Aotus_nancymaae	3377906	autosomes	NA	3377906	FALSE
Aotus_nancymaae	3445789	autosomes	NA	3445789	FALSE
Aotus_nancymaae	3893910	chrX	NA	3893910	FALSE
Aotus_nancymaae	3938211	autosomes	NA	3938211	FALSE
Aotus_nancymaae	4149963	autosomes	NA	4149963	FALSE
Aotus_nancymaae	4167474	autosomes	NA	4167474	FALSE
Aotus_nancymaae	4183189	autosomes	NA	4183189	FALSE
Aotus_nancymaae	4459416	autosomes	NA	4459416	FALSE
Aotus_nancymaae	4648776	autosomes	NA	4648776	FALSE
Aotus_nancymaae	4722556	autosomes	NA	4722556	FALSE
Aotus_nancymaae	4901326	chrX	NA	4901326	FALSE
Aotus_nancymaae	4962534	autosomes	NA	4962534	FALSE
Aotus_nancymaae	4976382	autosomes	NA	4976382	FALSE
Aotus_nancymaae	5147497	autosomes	NA	5147497	FALSE
Aotus_nancymaae	5233848	autosomes	NA	5233848	FALSE
Aotus_nancymaae	5280296	autosomes	NA	5280296	FALSE
Aotus_nancymaae	5296143	autosomes	NA	5296143	FALSE
Aotus_nancymaae	5307214	chrX	NA	5307214	FALSE
Aotus_nancymaae	5415122	autosomes	NA	5415122	FALSE
Aotus_nancymaae	5738410	autosomes	NA	5738410	FALSE
Aotus_nancymaae	5960492	autosomes	NA	5960492	FALSE
Aotus_nancymaae	6684421	autosomes	NA	6684421	FALSE
Aotus_nancymaae	6942600	autosomes	NA	6942600	FALSE
Aotus_nancymaae	6986378	autosomes	NA	6986378	FALSE
Aotus_nancymaae	7147416	autosomes	NA	7147416	FALSE
Aotus_nancymaae	7405797	autosomes	NA	7405797	FALSE
Aotus_nancymaae	7883328	autosomes	NA	7883328	FALSE
Aotus_nancymaae	7956043	autosomes	NA	7956043	FALSE
Aotus_nancymaae	8458670	autosomes	NA	8458670	FALSE
Aotus_nancymaae	8684035	autosomes	NA	8684035	FALSE
Aotus_nancymaae	8684049	autosomes	NA	8684049	FALSE
Aotus_nancymaae	9343941	autosomes	NA	9343941	FALSE
Aotus_nancymaae	11123981	autosomes	NA	11123981	FALSE
Aotus_nancymaae	11819478	autosomes	NA	11819478	FALSE
Aotus_nancymaae	12056598	autosomes	NA	12056598	FALSE
Aotus_nancymaae	12360192	autosomes	NA	12360192	FALSE
Aotus_nancymaae	12364444	autosomes	NA	12364444	FALSE
Aotus_nancymaae	12966760	autosomes	NA	12966760	FALSE
Aotus_nancymaae	13350194	autosomes	NA	13350194	FALSE
Aotus_nancymaae	13800520	autosomes	NA	13800520	FALSE
Aotus_nancymaae	14397176	autosomes	NA	14397176	FALSE
Aotus_nancymaae	14692449	autosomes	NA	14692449	FALSE
Aotus_nancymaae	14981868	autosomes	NA	14981868	FALSE
Aotus_nancymaae	15627134	autosomes	NA	15627134	FALSE
Aotus_nancymaae	16244225	autosomes	NA	16244225	FALSE
Aotus_nancymaae	16661174	autosomes	NA	16661174	FALSE
Aotus_nancymaae	18389824	autosomes	NA	18389824	FALSE
Aotus_nancymaae	18434507	autosomes	NA	18434507	FALSE
Aotus_nancymaae	18987150	autosomes	NA	18987150	FALSE
Aotus_nancymaae	19988660	autosomes	NA	19988660	FALSE
Aotus_nancymaae	20378928	autosomes	NA	20378928	FALSE
Aotus_nancymaae	20914963	autosomes	NA	20914963	FALSE
Aotus_nancymaae	21167901	autosomes	NA	21167901	FALSE
Aotus_nancymaae	21279140	autosomes	NA	21279140	FALSE
Aotus_nancymaae	23891171	autosomes	NA	23891171	FALSE
Aotus_nancymaae	26324796	autosomes	NA	26324796	FALSE
Aotus_nancymaae	26523795	autosomes	NA	26523795	FALSE
Aotus_nancymaae	26862536	autosomes	NA	26862536	FALSE
Aotus_nancymaae	27375194	autosomes	NA	27375194	FALSE
Aotus_nancymaae	29563260	autosomes	NA	29563260	FALSE
Aotus_nancymaae	31708673	autosomes	NA	31708673	FALSE
Aotus_nancymaae	31954281	autosomes	NA	31954281	FALSE
Aotus_nancymaae	32393046	autosomes	NA	32393046	FALSE
Aotus_nancymaae	33419410	autosomes	NA	33419410	FALSE
Aotus_nancymaae	33998975	autosomes	NA	33998975	FALSE
Aotus_nancymaae	35508488	autosomes	NA	35508488	FALSE
Aotus_nancymaae	39860678	autosomes	NA	39860678	FALSE
Aotus_nancymaae	40760286	autosomes	NA	40760286	FALSE
Aotus_nancymaae	40855216	autosomes	NA	40855216	FALSE
Aotus_nancymaae	41492595	autosomes	NA	41492595	FALSE
Aotus_nancymaae	44547664	autosomes	NA	44547664	FALSE
Aotus_nancymaae	45790532	autosomes	NA	45790532	FALSE
Aotus_nancymaae	46174658	autosomes	NA	46174658	FALSE
Aotus_nancymaae	49088251	autosomes	NA	49088251	FALSE
Aotus_nancymaae	50846664	autosomes	NA	50846664	FALSE
Aotus_nancymaae	55915596	chrX	NA	55915596	FALSE
Aotus_nancymaae	61905732	autosomes	NA	61905732	FALSE
Aotus_nancymaae	65377962	autosomes	NA	65377962	FALSE
Aotus_nancymaae	65730980	autosomes	NA	65730980	FALSE
Aotus_nancymaae	66603118	autosomes	NA	66603118	FALSE
Aotus_nancymaae	66750848	autosomes	NA	66750848	FALSE
Aotus_nancymaae	70558208	chrX	NA	70558208	FALSE
Aotus_nancymaae	72142404	autosomes	NA	72142404	FALSE
Aotus_nancymaae	73042074	autosomes	NA	73042074	FALSE
Aotus_nancymaae	77817948	autosomes	NA	77817948	FALSE
Aotus_nancymaae	78184572	autosomes	NA	78184572	FALSE
Aotus_nancymaae	80196246	autosomes	NA	80196246	FALSE
Aotus_nancymaae	84517782	autosomes	NA	84517782	FALSE
Aotus_nancymaae	89234750	autosomes	NA	89234750	FALSE
Aotus_nancymaae	94861459	autosomes	NA	94861459	FALSE
Aotus_nancymaae	95473994	autosomes	NA	95473994	FALSE
Aotus_nancymaae	102314877	autosomes	NA	102314877	FALSE
Aotus_nancymaae	125204126	autosomes	NA	125204126	FALSE
Aotus_nancymaae	131195652	autosomes	NA	131195652	FALSE
Ateles_hybridus	1e+06	autosomes	NA	39003866	TRUE
Ateles_hybridus	1098647	autosomes	NA	1098647	FALSE
Ateles_hybridus	1137189	autosomes	NA	1137189	FALSE
Ateles_hybridus	1149860	autosomes	NA	1149860	FALSE
Ateles_hybridus	1195004	autosomes	NA	1195004	FALSE
Ateles_hybridus	1220202	autosomes	NA	1220202	FALSE
Ateles_hybridus	1261015	autosomes	NA	1261015	FALSE
Ateles_hybridus	1314036	autosomes	NA	1314036	FALSE
Ateles_hybridus	1488851	autosomes	NA	1488851	FALSE
Ateles_hybridus	1521780	autosomes	NA	1521780	FALSE
Ateles_hybridus	1523531	autosomes	NA	1523531	FALSE
Ateles_hybridus	1877146	autosomes	NA	1877146	FALSE
Ateles_hybridus	1906280	autosomes	NA	1906280	FALSE
Ateles_hybridus	1908560	autosomes	NA	1908560	FALSE
Ateles_hybridus	2213329	autosomes	NA	2213329	FALSE
Ateles_hybridus	2246243	autosomes	NA	2246243	FALSE
Ateles_hybridus	2409503	chrX	NA	2409503	FALSE
Ateles_hybridus	2452842	autosomes	NA	2452842	FALSE
Ateles_hybridus	2994224	autosomes	NA	2994224	FALSE
Ateles_hybridus	3088293	autosomes	NA	3088293	FALSE
Ateles_hybridus	3265268	autosomes	NA	3265268	FALSE
Ateles_hybridus	3382670	autosomes	NA	3382670	FALSE
Ateles_hybridus	3793555	autosomes	NA	3793555	FALSE
Ateles_hybridus	3947383	autosomes	NA	3947383	FALSE
Ateles_hybridus	4972190	chrX	NA	4972190	FALSE
Ateles_hybridus	5232489	autosomes	NA	5232489	FALSE
Ateles_hybridus	5419472	autosomes	NA	5419472	FALSE
Ateles_hybridus	5547964	autosomes	NA	5547964	FALSE
Ateles_hybridus	6035878	autosomes	NA	6035878	FALSE
Ateles_hybridus	6351841	autosomes	NA	6351841	FALSE
Ateles_hybridus	7027899	autosomes	NA	7027899	FALSE
Ateles_hybridus	7123473	autosomes	NA	7123473	FALSE
Ateles_hybridus	7941152	autosomes	NA	7941152	FALSE
Ateles_hybridus	8415134	autosomes	NA	8415134	FALSE
Ateles_hybridus	8582694	autosomes	NA	8582694	FALSE
Ateles_hybridus	8874248	autosomes	NA	8874248	FALSE
Ateles_hybridus	9292285	chrX	NA	9292285	FALSE
Ateles_hybridus	9512019	autosomes	NA	9512019	FALSE
Ateles_hybridus	9717303	autosomes	NA	9717303	FALSE
Ateles_hybridus	10625175	autosomes	NA	10625175	FALSE
Ateles_hybridus	10884979	autosomes	NA	10884979	FALSE
Ateles_hybridus	11721534	autosomes	NA	11721534	FALSE
Ateles_hybridus	11887735	autosomes	NA	11887735	FALSE
Ateles_hybridus	14606391	autosomes	NA	14606391	FALSE
Ateles_hybridus	15569212	autosomes	NA	15569212	FALSE
Ateles_hybridus	16051608	autosomes	NA	16051608	FALSE
Ateles_hybridus	16264905	autosomes	NA	16264905	FALSE
Ateles_hybridus	16633331	autosomes	NA	16633331	FALSE
Ateles_hybridus	17732006	autosomes	NA	17732006	FALSE
Ateles_hybridus	18502635	autosomes	NA	18502635	FALSE
Ateles_hybridus	19307200	chrX	NA	19307200	FALSE
Ateles_hybridus	19521144	autosomes	NA	19521144	FALSE
Ateles_hybridus	21071785	autosomes	NA	21071785	FALSE
Ateles_hybridus	21894808	autosomes	NA	21894808	FALSE
Ateles_hybridus	22660150	autosomes	NA	22660150	FALSE
Ateles_hybridus	22820551	autosomes	NA	22820551	FALSE
Ateles_hybridus	24377081	chrX	NA	24377081	FALSE
Ateles_hybridus	25312360	autosomes	NA	25312360	FALSE
Ateles_hybridus	27063659	autosomes	NA	27063659	FALSE
Ateles_hybridus	27113617	autosomes	NA	27113617	FALSE
Ateles_hybridus	27551744	autosomes	NA	27551744	FALSE
Ateles_hybridus	27573259	autosomes	NA	27573259	FALSE
Ateles_hybridus	27751378	chrX	NA	27751378	FALSE
Ateles_hybridus	29448242	autosomes	NA	29448242	FALSE
Ateles_hybridus	30203512	autosomes	NA	30203512	FALSE
Ateles_hybridus	30536374	autosomes	NA	30536374	FALSE
Ateles_hybridus	30543426	autosomes	NA	30543426	FALSE
Ateles_hybridus	32647613	autosomes	NA	32647613	FALSE
Ateles_hybridus	32738878	autosomes	NA	32738878	FALSE
Ateles_hybridus	34383076	autosomes	NA	34383076	FALSE
Ateles_hybridus	35516260	autosomes	NA	35516260	FALSE
Ateles_hybridus	37813414	autosomes	NA	37813414	FALSE
Ateles_hybridus	38225486	autosomes	NA	38225486	FALSE
Ateles_hybridus	38623781	autosomes	NA	38623781	FALSE
Ateles_hybridus	38943609	autosomes	NA	38943609	FALSE
Ateles_hybridus	40528691	autosomes	NA	40528691	FALSE
Ateles_hybridus	43405198	autosomes	NA	43405198	FALSE
Ateles_hybridus	45573017	autosomes	NA	45573017	FALSE
Ateles_hybridus	46747991	autosomes	NA	46747991	FALSE
Ateles_hybridus	49310784	chrX	NA	49310784	FALSE
Ateles_hybridus	50515269	autosomes	NA	50515269	FALSE
Ateles_hybridus	57263988	autosomes	NA	57263988	FALSE
Ateles_hybridus	57716822	autosomes	NA	57716822	FALSE
Ateles_hybridus	60266095	autosomes	NA	60266095	FALSE
Ateles_hybridus	66048981	autosomes	NA	66048981	FALSE
Ateles_hybridus	68477599	autosomes	NA	68477599	FALSE
Ateles_hybridus	73401021	autosomes	NA	73401021	FALSE
Ateles_hybridus	77533877	autosomes	NA	77533877	FALSE
Ateles_hybridus	78585041	autosomes	NA	78585041	FALSE
Ateles_hybridus	82799930	autosomes	NA	82799930	FALSE
Ateles_hybridus	86197016	autosomes	NA	86197016	FALSE
Ateles_hybridus	88695502	autosomes	NA	88695502	FALSE
Ateles_hybridus	106795882	autosomes	NA	106795882	FALSE
Ateles_hybridus	111011744	autosomes	NA	111011744	FALSE
Ateles_hybridus	127852156	autosomes	NA	127852156	FALSE
Ateles_hybridus	142887817	autosomes	NA	142887817	FALSE
Callimico_goeldii	1e+06	autosomes	NA	267918863	TRUE
Callimico_goeldii	39326625	autosomes	NA	39326625	FALSE
Callimico_goeldii	43465754	autosomes	NA	43465754	FALSE
Callimico_goeldii	44928898	autosomes	NA	44928898	FALSE
Callimico_goeldii	51806703	autosomes	NA	51806703	FALSE
Callimico_goeldii	53003200	autosomes	NA	53003200	FALSE
Callimico_goeldii	69577595	autosomes	NA	69577595	FALSE
Callimico_goeldii	85679369	autosomes	NA	85679369	FALSE
Callimico_goeldii	89449293	autosomes	NA	89449293	FALSE
Callimico_goeldii	104963165	autosomes	NA	104963165	FALSE
Callimico_goeldii	106813901	autosomes	NA	106813901	FALSE
Callimico_goeldii	106860925	autosomes	NA	106860925	FALSE
Callimico_goeldii	108603770	autosomes	NA	108603770	FALSE
Callimico_goeldii	111553634	autosomes	NA	111553634	FALSE
Callimico_goeldii	114148922	autosomes	NA	114148922	FALSE
Callimico_goeldii	116042380	autosomes	NA	116042380	FALSE
Callimico_goeldii	117243986	autosomes	NA	117243986	FALSE
Callimico_goeldii	119645366	autosomes	NA	119645366	FALSE
Callimico_goeldii	120269719	autosomes	NA	120269719	FALSE
Callimico_goeldii	126041756	chrX	NA	126041756	FALSE
Callimico_goeldii	128169202	autosomes	NA	128169202	FALSE
Callimico_goeldii	133562787	autosomes	NA	133562787	FALSE
Callimico_goeldii	140257076	autosomes	NA	140257076	FALSE
Callimico_goeldii	149921261	autosomes	NA	149921261	FALSE
Callimico_goeldii	167430575	autosomes	NA	167430575	FALSE
Callithrix_jacchus	1e+06	autosomes	NA	60671861	TRUE
Callithrix_jacchus	1e+06	chrX	chrX	497538	TRUE
Callithrix_jacchus	1e+06	chrY	chrY	6768351	TRUE
Callithrix_jacchus	1024496	chrY	chrY	1024496	FALSE
Callithrix_jacchus	1080123	chrY	chrY	1080123	FALSE
Callithrix_jacchus	4974773	chrY	chrY	4974773	FALSE
Callithrix_jacchus	44412365	autosomes	NA	44412365	FALSE
Callithrix_jacchus	47063576	autosomes	NA	47063576	FALSE
Callithrix_jacchus	49900457	autosomes	NA	49900457	FALSE
Callithrix_jacchus	50540917	autosomes	NA	50540917	FALSE
Callithrix_jacchus	50614742	autosomes	NA	50614742	FALSE
Callithrix_jacchus	74700100	autosomes	NA	74700100	FALSE
Callithrix_jacchus	98110366	autosomes	NA	98110366	FALSE
Callithrix_jacchus	98621277	autosomes	NA	98621277	FALSE
Callithrix_jacchus	112969529	autosomes	NA	112969529	FALSE
Callithrix_jacchus	117638787	autosomes	NA	117638787	FALSE
Callithrix_jacchus	123697827	autosomes	NA	123697827	FALSE
Callithrix_jacchus	126104592	autosomes	NA	126104592	FALSE
Callithrix_jacchus	128529401	autosomes	NA	128529401	FALSE
Callithrix_jacchus	132900640	autosomes	NA	132900640	FALSE
Callithrix_jacchus	136971485	autosomes	NA	136971485	FALSE
Callithrix_jacchus	146897247	chrX	chrX	146897247	FALSE
Callithrix_jacchus	156129252	autosomes	NA	156129252	FALSE
Callithrix_jacchus	159674559	autosomes	NA	159674559	FALSE
Callithrix_jacchus	161716902	autosomes	NA	161716902	FALSE
Callithrix_jacchus	173414057	autosomes	NA	173414057	FALSE
Callithrix_jacchus	189455076	autosomes	NA	189455076	FALSE
Callithrix_jacchus	202808461	autosomes	NA	202808461	FALSE
Callithrix_jacchus	216975769	autosomes	NA	216975769	FALSE
Cephalopachus_bancanus	1e+06	autosomes	NA	470777361	TRUE
Cephalopachus_bancanus	1000242	autosomes	NA	1000242	FALSE
Cephalopachus_bancanus	1004276	autosomes	NA	1004276	FALSE
Cephalopachus_bancanus	1006157	autosomes	NA	1006157	FALSE
Cephalopachus_bancanus	1006992	autosomes	NA	1006992	FALSE
Cephalopachus_bancanus	1032276	autosomes	NA	1032276	FALSE
Cephalopachus_bancanus	1034209	autosomes	NA	1034209	FALSE
Cephalopachus_bancanus	1037026	autosomes	NA	1037026	FALSE
Cephalopachus_bancanus	1039390	autosomes	NA	1039390	FALSE
Cephalopachus_bancanus	1041394	autosomes	NA	1041394	FALSE
Cephalopachus_bancanus	1045211	autosomes	NA	1045211	FALSE
Cephalopachus_bancanus	1045249	autosomes	NA	1045249	FALSE
Cephalopachus_bancanus	1046973	autosomes	NA	1046973	FALSE
Cephalopachus_bancanus	1052758	autosomes	NA	1052758	FALSE
Cephalopachus_bancanus	1054185	autosomes	NA	1054185	FALSE
Cephalopachus_bancanus	1056293	autosomes	NA	1056293	FALSE
Cephalopachus_bancanus	1056527	autosomes	NA	1056527	FALSE
Cephalopachus_bancanus	1057300	autosomes	NA	1057300	FALSE
Cephalopachus_bancanus	1059347	autosomes	NA	1059347	FALSE
Cephalopachus_bancanus	1060515	autosomes	NA	1060515	FALSE
Cephalopachus_bancanus	1063567	autosomes	NA	1063567	FALSE
Cephalopachus_bancanus	1068138	autosomes	NA	1068138	FALSE
Cephalopachus_bancanus	1068804	autosomes	NA	1068804	FALSE
Cephalopachus_bancanus	1069470	autosomes	NA	1069470	FALSE
Cephalopachus_bancanus	1070892	autosomes	NA	1070892	FALSE
Cephalopachus_bancanus	1072016	autosomes	NA	1072016	FALSE
Cephalopachus_bancanus	1073837	autosomes	NA	1073837	FALSE
Cephalopachus_bancanus	1077313	autosomes	NA	1077313	FALSE
Cephalopachus_bancanus	1079082	autosomes	NA	1079082	FALSE
Cephalopachus_bancanus	1081500	autosomes	NA	1081500	FALSE
Cephalopachus_bancanus	1083999	autosomes	NA	1083999	FALSE
Cephalopachus_bancanus	1088310	autosomes	NA	1088310	FALSE
Cephalopachus_bancanus	1090169	autosomes	NA	1090169	FALSE
Cephalopachus_bancanus	1096641	autosomes	NA	1096641	FALSE
Cephalopachus_bancanus	1103501	autosomes	NA	1103501	FALSE
Cephalopachus_bancanus	1107024	autosomes	NA	1107024	FALSE
Cephalopachus_bancanus	1114493	autosomes	NA	1114493	FALSE
Cephalopachus_bancanus	1115556	autosomes	NA	1115556	FALSE
Cephalopachus_bancanus	1121613	autosomes	NA	1121613	FALSE
Cephalopachus_bancanus	1131914	autosomes	NA	1131914	FALSE
Cephalopachus_bancanus	1134246	autosomes	NA	1134246	FALSE
Cephalopachus_bancanus	1135019	autosomes	NA	1135019	FALSE
Cephalopachus_bancanus	1135373	autosomes	NA	1135373	FALSE
Cephalopachus_bancanus	1140294	autosomes	NA	1140294	FALSE
Cephalopachus_bancanus	1141297	autosomes	NA	1141297	FALSE
Cephalopachus_bancanus	1145554	autosomes	NA	1145554	FALSE
Cephalopachus_bancanus	1160903	autosomes	NA	1160903	FALSE
Cephalopachus_bancanus	1164035	autosomes	NA	1164035	FALSE
Cephalopachus_bancanus	1165027	autosomes	NA	1165027	FALSE
Cephalopachus_bancanus	1165337	autosomes	NA	1165337	FALSE
Cephalopachus_bancanus	1167110	autosomes	NA	1167110	FALSE
Cephalopachus_bancanus	1170816	autosomes	NA	1170816	FALSE
Cephalopachus_bancanus	1176363	autosomes	NA	1176363	FALSE
Cephalopachus_bancanus	1183725	autosomes	NA	1183725	FALSE
Cephalopachus_bancanus	1184456	autosomes	NA	1184456	FALSE
Cephalopachus_bancanus	1190330	autosomes	NA	1190330	FALSE
Cephalopachus_bancanus	1191490	autosomes	NA	1191490	FALSE
Cephalopachus_bancanus	1207179	autosomes	NA	1207179	FALSE
Cephalopachus_bancanus	1212013	autosomes	NA	1212013	FALSE
Cephalopachus_bancanus	1219479	autosomes	NA	1219479	FALSE
Cephalopachus_bancanus	1221840	autosomes	NA	1221840	FALSE
Cephalopachus_bancanus	1223869	autosomes	NA	1223869	FALSE
Cephalopachus_bancanus	1236527	autosomes	NA	1236527	FALSE
Cephalopachus_bancanus	1239646	autosomes	NA	1239646	FALSE
Cephalopachus_bancanus	1241417	autosomes	NA	1241417	FALSE
Cephalopachus_bancanus	1243100	autosomes	NA	1243100	FALSE
Cephalopachus_bancanus	1246632	autosomes	NA	1246632	FALSE
Cephalopachus_bancanus	1254499	autosomes	NA	1254499	FALSE
Cephalopachus_bancanus	1254998	autosomes	NA	1254998	FALSE
Cephalopachus_bancanus	1256186	autosomes	NA	1256186	FALSE
Cephalopachus_bancanus	1256247	autosomes	NA	1256247	FALSE
Cephalopachus_bancanus	1256664	autosomes	NA	1256664	FALSE
Cephalopachus_bancanus	1258275	autosomes	NA	1258275	FALSE
Cephalopachus_bancanus	1265595	autosomes	NA	1265595	FALSE
Cephalopachus_bancanus	1267897	autosomes	NA	1267897	FALSE
Cephalopachus_bancanus	1269746	autosomes	NA	1269746	FALSE
Cephalopachus_bancanus	1270800	autosomes	NA	1270800	FALSE
Cephalopachus_bancanus	1271319	autosomes	NA	1271319	FALSE
Cephalopachus_bancanus	1273245	autosomes	NA	1273245	FALSE
Cephalopachus_bancanus	1278945	autosomes	NA	1278945	FALSE
Cephalopachus_bancanus	1279727	autosomes	NA	1279727	FALSE
Cephalopachus_bancanus	1279903	autosomes	NA	1279903	FALSE
Cephalopachus_bancanus	1283869	autosomes	NA	1283869	FALSE
Cephalopachus_bancanus	1288918	autosomes	NA	1288918	FALSE
Cephalopachus_bancanus	1294943	autosomes	NA	1294943	FALSE
Cephalopachus_bancanus	1297670	autosomes	NA	1297670	FALSE
Cephalopachus_bancanus	1302430	autosomes	NA	1302430	FALSE
Cephalopachus_bancanus	1308090	autosomes	NA	1308090	FALSE
Cephalopachus_bancanus	1310942	autosomes	NA	1310942	FALSE
Cephalopachus_bancanus	1311423	autosomes	NA	1311423	FALSE
Cephalopachus_bancanus	1313859	autosomes	NA	1313859	FALSE
Cephalopachus_bancanus	1340185	autosomes	NA	1340185	FALSE
Cephalopachus_bancanus	1348633	autosomes	NA	1348633	FALSE
Cephalopachus_bancanus	1349996	autosomes	NA	1349996	FALSE
Cephalopachus_bancanus	1361465	autosomes	NA	1361465	FALSE
Cephalopachus_bancanus	1373871	autosomes	NA	1373871	FALSE
Cephalopachus_bancanus	1377413	autosomes	NA	1377413	FALSE
Cephalopachus_bancanus	1391337	autosomes	NA	1391337	FALSE
Cephalopachus_bancanus	1392069	autosomes	NA	1392069	FALSE
Cephalopachus_bancanus	1394450	autosomes	NA	1394450	FALSE
Cephalopachus_bancanus	1401457	autosomes	NA	1401457	FALSE
Cephalopachus_bancanus	1403964	autosomes	NA	1403964	FALSE
Cephalopachus_bancanus	1417589	autosomes	NA	1417589	FALSE
Cephalopachus_bancanus	1418365	autosomes	NA	1418365	FALSE
Cephalopachus_bancanus	1423436	autosomes	NA	1423436	FALSE
Cephalopachus_bancanus	1429343	autosomes	NA	1429343	FALSE
Cephalopachus_bancanus	1440138	autosomes	NA	1440138	FALSE
Cephalopachus_bancanus	1461606	autosomes	NA	1461606	FALSE
Cephalopachus_bancanus	1463298	autosomes	NA	1463298	FALSE
Cephalopachus_bancanus	1476245	autosomes	NA	1476245	FALSE
Cephalopachus_bancanus	1485518	autosomes	NA	1485518	FALSE
Cephalopachus_bancanus	1487133	autosomes	NA	1487133	FALSE
Cephalopachus_bancanus	1489804	autosomes	NA	1489804	FALSE
Cephalopachus_bancanus	1492323	autosomes	NA	1492323	FALSE
Cephalopachus_bancanus	1512180	autosomes	NA	1512180	FALSE
Cephalopachus_bancanus	1517161	autosomes	NA	1517161	FALSE
Cephalopachus_bancanus	1518912	autosomes	NA	1518912	FALSE
Cephalopachus_bancanus	1526199	autosomes	NA	1526199	FALSE
Cephalopachus_bancanus	1526219	autosomes	NA	1526219	FALSE
Cephalopachus_bancanus	1531808	autosomes	NA	1531808	FALSE
Cephalopachus_bancanus	1538141	autosomes	NA	1538141	FALSE
Cephalopachus_bancanus	1541208	autosomes	NA	1541208	FALSE
Cephalopachus_bancanus	1545742	autosomes	NA	1545742	FALSE
Cephalopachus_bancanus	1551402	autosomes	NA	1551402	FALSE
Cephalopachus_bancanus	1572867	autosomes	NA	1572867	FALSE
Cephalopachus_bancanus	1576127	autosomes	NA	1576127	FALSE
Cephalopachus_bancanus	1576654	autosomes	NA	1576654	FALSE
Cephalopachus_bancanus	1585296	autosomes	NA	1585296	FALSE
Cephalopachus_bancanus	1588276	autosomes	NA	1588276	FALSE
Cephalopachus_bancanus	1594646	autosomes	NA	1594646	FALSE
Cephalopachus_bancanus	1601400	autosomes	NA	1601400	FALSE
Cephalopachus_bancanus	1627038	autosomes	NA	1627038	FALSE
Cephalopachus_bancanus	1633973	autosomes	NA	1633973	FALSE
Cephalopachus_bancanus	1634397	autosomes	NA	1634397	FALSE
Cephalopachus_bancanus	1638634	autosomes	NA	1638634	FALSE
Cephalopachus_bancanus	1656270	autosomes	NA	1656270	FALSE
Cephalopachus_bancanus	1661821	autosomes	NA	1661821	FALSE
Cephalopachus_bancanus	1661865	autosomes	NA	1661865	FALSE
Cephalopachus_bancanus	1664443	autosomes	NA	1664443	FALSE
Cephalopachus_bancanus	1668504	autosomes	NA	1668504	FALSE
Cephalopachus_bancanus	1670349	autosomes	NA	1670349	FALSE
Cephalopachus_bancanus	1670379	autosomes	NA	1670379	FALSE
Cephalopachus_bancanus	1672867	autosomes	NA	1672867	FALSE
Cephalopachus_bancanus	1682420	autosomes	NA	1682420	FALSE
Cephalopachus_bancanus	1693825	autosomes	NA	1693825	FALSE
Cephalopachus_bancanus	1696540	autosomes	NA	1696540	FALSE
Cephalopachus_bancanus	1702215	autosomes	NA	1702215	FALSE
Cephalopachus_bancanus	1706495	autosomes	NA	1706495	FALSE
Cephalopachus_bancanus	1706970	autosomes	NA	1706970	FALSE
Cephalopachus_bancanus	1709018	autosomes	NA	1709018	FALSE
Cephalopachus_bancanus	1709321	autosomes	NA	1709321	FALSE
Cephalopachus_bancanus	1714931	autosomes	NA	1714931	FALSE
Cephalopachus_bancanus	1723355	autosomes	NA	1723355	FALSE
Cephalopachus_bancanus	1735554	autosomes	NA	1735554	FALSE
Cephalopachus_bancanus	1735968	autosomes	NA	1735968	FALSE
Cephalopachus_bancanus	1752937	autosomes	NA	1752937	FALSE
Cephalopachus_bancanus	1759627	autosomes	NA	1759627	FALSE
Cephalopachus_bancanus	1763043	autosomes	NA	1763043	FALSE
Cephalopachus_bancanus	1764411	autosomes	NA	1764411	FALSE
Cephalopachus_bancanus	1771857	autosomes	NA	1771857	FALSE
Cephalopachus_bancanus	1782865	autosomes	NA	1782865	FALSE
Cephalopachus_bancanus	1798616	autosomes	NA	1798616	FALSE
Cephalopachus_bancanus	1803928	autosomes	NA	1803928	FALSE
Cephalopachus_bancanus	1820802	autosomes	NA	1820802	FALSE
Cephalopachus_bancanus	1839787	autosomes	NA	1839787	FALSE
Cephalopachus_bancanus	1840742	autosomes	NA	1840742	FALSE
Cephalopachus_bancanus	1847119	autosomes	NA	1847119	FALSE
Cephalopachus_bancanus	1862839	autosomes	NA	1862839	FALSE
Cephalopachus_bancanus	1866795	autosomes	NA	1866795	FALSE
Cephalopachus_bancanus	1877431	autosomes	NA	1877431	FALSE
Cephalopachus_bancanus	1879564	autosomes	NA	1879564	FALSE
Cephalopachus_bancanus	1888897	autosomes	NA	1888897	FALSE
Cephalopachus_bancanus	1900007	autosomes	NA	1900007	FALSE
Cephalopachus_bancanus	1903691	autosomes	NA	1903691	FALSE
Cephalopachus_bancanus	1904506	autosomes	NA	1904506	FALSE
Cephalopachus_bancanus	1920083	autosomes	NA	1920083	FALSE
Cephalopachus_bancanus	1966593	autosomes	NA	1966593	FALSE
Cephalopachus_bancanus	1995337	autosomes	NA	1995337	FALSE
Cephalopachus_bancanus	2008051	autosomes	NA	2008051	FALSE
Cephalopachus_bancanus	2029583	autosomes	NA	2029583	FALSE
Cephalopachus_bancanus	2036617	autosomes	NA	2036617	FALSE
Cephalopachus_bancanus	2040508	autosomes	NA	2040508	FALSE
Cephalopachus_bancanus	2041779	autosomes	NA	2041779	FALSE
Cephalopachus_bancanus	2062216	autosomes	NA	2062216	FALSE
Cephalopachus_bancanus	2075269	autosomes	NA	2075269	FALSE
Cephalopachus_bancanus	2079476	autosomes	NA	2079476	FALSE
Cephalopachus_bancanus	2080689	autosomes	NA	2080689	FALSE
Cephalopachus_bancanus	2088673	autosomes	NA	2088673	FALSE
Cephalopachus_bancanus	2093506	autosomes	NA	2093506	FALSE
Cephalopachus_bancanus	2105517	autosomes	NA	2105517	FALSE
Cephalopachus_bancanus	2120401	autosomes	NA	2120401	FALSE
Cephalopachus_bancanus	2123816	autosomes	NA	2123816	FALSE
Cephalopachus_bancanus	2155709	autosomes	NA	2155709	FALSE
Cephalopachus_bancanus	2158747	autosomes	NA	2158747	FALSE
Cephalopachus_bancanus	2168486	autosomes	NA	2168486	FALSE
Cephalopachus_bancanus	2196519	autosomes	NA	2196519	FALSE
Cephalopachus_bancanus	2199981	autosomes	NA	2199981	FALSE
Cephalopachus_bancanus	2203396	autosomes	NA	2203396	FALSE
Cephalopachus_bancanus	2207277	autosomes	NA	2207277	FALSE
Cephalopachus_bancanus	2207633	autosomes	NA	2207633	FALSE
Cephalopachus_bancanus	2218209	autosomes	NA	2218209	FALSE
Cephalopachus_bancanus	2220079	autosomes	NA	2220079	FALSE
Cephalopachus_bancanus	2228916	autosomes	NA	2228916	FALSE
Cephalopachus_bancanus	2233066	autosomes	NA	2233066	FALSE
Cephalopachus_bancanus	2235373	autosomes	NA	2235373	FALSE
Cephalopachus_bancanus	2251727	autosomes	NA	2251727	FALSE
Cephalopachus_bancanus	2251988	autosomes	NA	2251988	FALSE
Cephalopachus_bancanus	2271625	autosomes	NA	2271625	FALSE
Cephalopachus_bancanus	2285319	autosomes	NA	2285319	FALSE
Cephalopachus_bancanus	2294589	autosomes	NA	2294589	FALSE
Cephalopachus_bancanus	2329086	autosomes	NA	2329086	FALSE
Cephalopachus_bancanus	2335425	autosomes	NA	2335425	FALSE
Cephalopachus_bancanus	2339300	autosomes	NA	2339300	FALSE
Cephalopachus_bancanus	2349601	autosomes	NA	2349601	FALSE
Cephalopachus_bancanus	2357582	autosomes	NA	2357582	FALSE
Cephalopachus_bancanus	2362048	autosomes	NA	2362048	FALSE
Cephalopachus_bancanus	2365471	autosomes	NA	2365471	FALSE
Cephalopachus_bancanus	2379079	autosomes	NA	2379079	FALSE
Cephalopachus_bancanus	2387624	autosomes	NA	2387624	FALSE
Cephalopachus_bancanus	2392363	autosomes	NA	2392363	FALSE
Cephalopachus_bancanus	2399281	autosomes	NA	2399281	FALSE
Cephalopachus_bancanus	2428247	autosomes	NA	2428247	FALSE
Cephalopachus_bancanus	2430939	autosomes	NA	2430939	FALSE
Cephalopachus_bancanus	2433718	autosomes	NA	2433718	FALSE
Cephalopachus_bancanus	2435489	autosomes	NA	2435489	FALSE
Cephalopachus_bancanus	2465301	autosomes	NA	2465301	FALSE
Cephalopachus_bancanus	2481237	autosomes	NA	2481237	FALSE
Cephalopachus_bancanus	2484039	autosomes	NA	2484039	FALSE
Cephalopachus_bancanus	2501806	autosomes	NA	2501806	FALSE
Cephalopachus_bancanus	2512267	autosomes	NA	2512267	FALSE
Cephalopachus_bancanus	2548172	autosomes	NA	2548172	FALSE
Cephalopachus_bancanus	2553271	autosomes	NA	2553271	FALSE
Cephalopachus_bancanus	2559957	autosomes	NA	2559957	FALSE
Cephalopachus_bancanus	2564925	autosomes	NA	2564925	FALSE
Cephalopachus_bancanus	2569026	autosomes	NA	2569026	FALSE
Cephalopachus_bancanus	2587901	autosomes	NA	2587901	FALSE
Cephalopachus_bancanus	2587974	autosomes	NA	2587974	FALSE
Cephalopachus_bancanus	2591243	autosomes	NA	2591243	FALSE
Cephalopachus_bancanus	2606311	autosomes	NA	2606311	FALSE
Cephalopachus_bancanus	2608238	autosomes	NA	2608238	FALSE
Cephalopachus_bancanus	2609706	autosomes	NA	2609706	FALSE
Cephalopachus_bancanus	2632096	autosomes	NA	2632096	FALSE
Cephalopachus_bancanus	2634478	autosomes	NA	2634478	FALSE
Cephalopachus_bancanus	2636692	autosomes	NA	2636692	FALSE
Cephalopachus_bancanus	2665131	autosomes	NA	2665131	FALSE
Cephalopachus_bancanus	2670462	autosomes	NA	2670462	FALSE
Cephalopachus_bancanus	2682729	autosomes	NA	2682729	FALSE
Cephalopachus_bancanus	2685823	autosomes	NA	2685823	FALSE
Cephalopachus_bancanus	2686766	autosomes	NA	2686766	FALSE
Cephalopachus_bancanus	2692460	autosomes	NA	2692460	FALSE
Cephalopachus_bancanus	2714880	autosomes	NA	2714880	FALSE
Cephalopachus_bancanus	2720058	autosomes	NA	2720058	FALSE
Cephalopachus_bancanus	2738782	autosomes	NA	2738782	FALSE
Cephalopachus_bancanus	2752753	autosomes	NA	2752753	FALSE
Cephalopachus_bancanus	2783087	autosomes	NA	2783087	FALSE
Cephalopachus_bancanus	2832549	autosomes	NA	2832549	FALSE
Cephalopachus_bancanus	2851291	autosomes	NA	2851291	FALSE
Cephalopachus_bancanus	2853045	autosomes	NA	2853045	FALSE
Cephalopachus_bancanus	2859120	autosomes	NA	2859120	FALSE
Cephalopachus_bancanus	2870697	autosomes	NA	2870697	FALSE
Cephalopachus_bancanus	2871321	autosomes	NA	2871321	FALSE
Cephalopachus_bancanus	2875052	autosomes	NA	2875052	FALSE
Cephalopachus_bancanus	2918958	autosomes	NA	2918958	FALSE
Cephalopachus_bancanus	2926659	autosomes	NA	2926659	FALSE
Cephalopachus_bancanus	2937216	autosomes	NA	2937216	FALSE
Cephalopachus_bancanus	2965094	autosomes	NA	2965094	FALSE
Cephalopachus_bancanus	3027516	autosomes	NA	3027516	FALSE
Cephalopachus_bancanus	3055002	autosomes	NA	3055002	FALSE
Cephalopachus_bancanus	3067170	autosomes	NA	3067170	FALSE
Cephalopachus_bancanus	3085901	autosomes	NA	3085901	FALSE
Cephalopachus_bancanus	3108036	autosomes	NA	3108036	FALSE
Cephalopachus_bancanus	3109822	autosomes	NA	3109822	FALSE
Cephalopachus_bancanus	3111584	autosomes	NA	3111584	FALSE
Cephalopachus_bancanus	3115970	autosomes	NA	3115970	FALSE
Cephalopachus_bancanus	3125089	autosomes	NA	3125089	FALSE
Cephalopachus_bancanus	3126820	autosomes	NA	3126820	FALSE
Cephalopachus_bancanus	3128735	autosomes	NA	3128735	FALSE
Cephalopachus_bancanus	3142821	autosomes	NA	3142821	FALSE
Cephalopachus_bancanus	3148592	autosomes	NA	3148592	FALSE
Cephalopachus_bancanus	3150724	autosomes	NA	3150724	FALSE
Cephalopachus_bancanus	3159606	autosomes	NA	3159606	FALSE
Cephalopachus_bancanus	3183453	autosomes	NA	3183453	FALSE
Cephalopachus_bancanus	3186264	autosomes	NA	3186264	FALSE
Cephalopachus_bancanus	3193690	autosomes	NA	3193690	FALSE
Cephalopachus_bancanus	3209490	autosomes	NA	3209490	FALSE
Cephalopachus_bancanus	3221752	autosomes	NA	3221752	FALSE
Cephalopachus_bancanus	3231494	autosomes	NA	3231494	FALSE
Cephalopachus_bancanus	3232212	autosomes	NA	3232212	FALSE
Cephalopachus_bancanus	3256171	autosomes	NA	3256171	FALSE
Cephalopachus_bancanus	3269237	autosomes	NA	3269237	FALSE
Cephalopachus_bancanus	3277134	autosomes	NA	3277134	FALSE
Cephalopachus_bancanus	3289495	autosomes	NA	3289495	FALSE
Cephalopachus_bancanus	3291290	autosomes	NA	3291290	FALSE
Cephalopachus_bancanus	3314214	autosomes	NA	3314214	FALSE
Cephalopachus_bancanus	3325314	autosomes	NA	3325314	FALSE
Cephalopachus_bancanus	3335879	autosomes	NA	3335879	FALSE
Cephalopachus_bancanus	3340846	autosomes	NA	3340846	FALSE
Cephalopachus_bancanus	3343280	autosomes	NA	3343280	FALSE
Cephalopachus_bancanus	3352594	autosomes	NA	3352594	FALSE
Cephalopachus_bancanus	3353289	autosomes	NA	3353289	FALSE
Cephalopachus_bancanus	3361884	autosomes	NA	3361884	FALSE
Cephalopachus_bancanus	3377999	autosomes	NA	3377999	FALSE
Cephalopachus_bancanus	3393979	autosomes	NA	3393979	FALSE
Cephalopachus_bancanus	3412164	autosomes	NA	3412164	FALSE
Cephalopachus_bancanus	3428922	autosomes	NA	3428922	FALSE
Cephalopachus_bancanus	3434490	autosomes	NA	3434490	FALSE
Cephalopachus_bancanus	3434696	autosomes	NA	3434696	FALSE
Cephalopachus_bancanus	3466632	autosomes	NA	3466632	FALSE
Cephalopachus_bancanus	3471412	autosomes	NA	3471412	FALSE
Cephalopachus_bancanus	3506818	autosomes	NA	3506818	FALSE
Cephalopachus_bancanus	3510657	autosomes	NA	3510657	FALSE
Cephalopachus_bancanus	3522518	autosomes	NA	3522518	FALSE
Cephalopachus_bancanus	3565504	autosomes	NA	3565504	FALSE
Cephalopachus_bancanus	3566070	autosomes	NA	3566070	FALSE
Cephalopachus_bancanus	3599244	autosomes	NA	3599244	FALSE
Cephalopachus_bancanus	3665258	autosomes	NA	3665258	FALSE
Cephalopachus_bancanus	3673538	autosomes	NA	3673538	FALSE
Cephalopachus_bancanus	3681392	autosomes	NA	3681392	FALSE
Cephalopachus_bancanus	3686321	autosomes	NA	3686321	FALSE
Cephalopachus_bancanus	3687383	autosomes	NA	3687383	FALSE
Cephalopachus_bancanus	3694915	autosomes	NA	3694915	FALSE
Cephalopachus_bancanus	3709334	autosomes	NA	3709334	FALSE
Cephalopachus_bancanus	3717512	autosomes	NA	3717512	FALSE
Cephalopachus_bancanus	3719526	autosomes	NA	3719526	FALSE
Cephalopachus_bancanus	3719973	autosomes	NA	3719973	FALSE
Cephalopachus_bancanus	3734986	autosomes	NA	3734986	FALSE
Cephalopachus_bancanus	3754903	autosomes	NA	3754903	FALSE
Cephalopachus_bancanus	3759249	autosomes	NA	3759249	FALSE
Cephalopachus_bancanus	3769297	autosomes	NA	3769297	FALSE
Cephalopachus_bancanus	3785694	autosomes	NA	3785694	FALSE
Cephalopachus_bancanus	3794021	autosomes	NA	3794021	FALSE
Cephalopachus_bancanus	3806535	autosomes	NA	3806535	FALSE
Cephalopachus_bancanus	3825208	autosomes	NA	3825208	FALSE
Cephalopachus_bancanus	3839743	autosomes	NA	3839743	FALSE
Cephalopachus_bancanus	3859719	autosomes	NA	3859719	FALSE
Cephalopachus_bancanus	3862520	autosomes	NA	3862520	FALSE
Cephalopachus_bancanus	3868634	autosomes	NA	3868634	FALSE
Cephalopachus_bancanus	3874905	autosomes	NA	3874905	FALSE
Cephalopachus_bancanus	3879302	autosomes	NA	3879302	FALSE
Cephalopachus_bancanus	3890101	autosomes	NA	3890101	FALSE
Cephalopachus_bancanus	3894518	autosomes	NA	3894518	FALSE
Cephalopachus_bancanus	3904596	autosomes	NA	3904596	FALSE
Cephalopachus_bancanus	3909680	autosomes	NA	3909680	FALSE
Cephalopachus_bancanus	3936231	autosomes	NA	3936231	FALSE
Cephalopachus_bancanus	3940128	autosomes	NA	3940128	FALSE
Cephalopachus_bancanus	3957454	autosomes	NA	3957454	FALSE
Cephalopachus_bancanus	3959235	autosomes	NA	3959235	FALSE
Cephalopachus_bancanus	4006140	autosomes	NA	4006140	FALSE
Cephalopachus_bancanus	4011031	autosomes	NA	4011031	FALSE
Cephalopachus_bancanus	4014635	autosomes	NA	4014635	FALSE
Cephalopachus_bancanus	4028048	autosomes	NA	4028048	FALSE
Cephalopachus_bancanus	4029348	autosomes	NA	4029348	FALSE
Cephalopachus_bancanus	4058737	autosomes	NA	4058737	FALSE
Cephalopachus_bancanus	4121078	autosomes	NA	4121078	FALSE
Cephalopachus_bancanus	4133678	autosomes	NA	4133678	FALSE
Cephalopachus_bancanus	4143776	autosomes	NA	4143776	FALSE
Cephalopachus_bancanus	4149227	autosomes	NA	4149227	FALSE
Cephalopachus_bancanus	4159084	autosomes	NA	4159084	FALSE
Cephalopachus_bancanus	4167272	autosomes	NA	4167272	FALSE
Cephalopachus_bancanus	4227818	autosomes	NA	4227818	FALSE
Cephalopachus_bancanus	4239841	autosomes	NA	4239841	FALSE
Cephalopachus_bancanus	4245919	autosomes	NA	4245919	FALSE
Cephalopachus_bancanus	4258519	autosomes	NA	4258519	FALSE
Cephalopachus_bancanus	4268615	autosomes	NA	4268615	FALSE
Cephalopachus_bancanus	4322674	autosomes	NA	4322674	FALSE
Cephalopachus_bancanus	4330371	autosomes	NA	4330371	FALSE
Cephalopachus_bancanus	4436184	autosomes	NA	4436184	FALSE
Cephalopachus_bancanus	4453314	autosomes	NA	4453314	FALSE
Cephalopachus_bancanus	4475801	autosomes	NA	4475801	FALSE
Cephalopachus_bancanus	4501804	autosomes	NA	4501804	FALSE
Cephalopachus_bancanus	4513921	autosomes	NA	4513921	FALSE
Cephalopachus_bancanus	4523734	autosomes	NA	4523734	FALSE
Cephalopachus_bancanus	4534922	autosomes	NA	4534922	FALSE
Cephalopachus_bancanus	4536096	autosomes	NA	4536096	FALSE
Cephalopachus_bancanus	4538740	autosomes	NA	4538740	FALSE
Cephalopachus_bancanus	4549130	autosomes	NA	4549130	FALSE
Cephalopachus_bancanus	4587455	autosomes	NA	4587455	FALSE
Cephalopachus_bancanus	4603658	autosomes	NA	4603658	FALSE
Cephalopachus_bancanus	4612758	autosomes	NA	4612758	FALSE
Cephalopachus_bancanus	4625277	autosomes	NA	4625277	FALSE
Cephalopachus_bancanus	4633513	autosomes	NA	4633513	FALSE
Cephalopachus_bancanus	4649686	autosomes	NA	4649686	FALSE
Cephalopachus_bancanus	4689425	autosomes	NA	4689425	FALSE
Cephalopachus_bancanus	4726621	autosomes	NA	4726621	FALSE
Cephalopachus_bancanus	4768953	autosomes	NA	4768953	FALSE
Cephalopachus_bancanus	4780722	autosomes	NA	4780722	FALSE
Cephalopachus_bancanus	4832015	autosomes	NA	4832015	FALSE
Cephalopachus_bancanus	4832443	autosomes	NA	4832443	FALSE
Cephalopachus_bancanus	4836940	autosomes	NA	4836940	FALSE
Cephalopachus_bancanus	4844544	autosomes	NA	4844544	FALSE
Cephalopachus_bancanus	4897421	autosomes	NA	4897421	FALSE
Cephalopachus_bancanus	4931717	autosomes	NA	4931717	FALSE
Cephalopachus_bancanus	4933992	autosomes	NA	4933992	FALSE
Cephalopachus_bancanus	4970512	autosomes	NA	4970512	FALSE
Cephalopachus_bancanus	4999120	autosomes	NA	4999120	FALSE
Cephalopachus_bancanus	5059323	autosomes	NA	5059323	FALSE
Cephalopachus_bancanus	5070818	autosomes	NA	5070818	FALSE
Cephalopachus_bancanus	5090958	autosomes	NA	5090958	FALSE
Cephalopachus_bancanus	5097582	autosomes	NA	5097582	FALSE
Cephalopachus_bancanus	5111861	autosomes	NA	5111861	FALSE
Cephalopachus_bancanus	5199572	autosomes	NA	5199572	FALSE
Cephalopachus_bancanus	5219020	autosomes	NA	5219020	FALSE
Cephalopachus_bancanus	5252243	autosomes	NA	5252243	FALSE
Cephalopachus_bancanus	5275693	autosomes	NA	5275693	FALSE
Cephalopachus_bancanus	5282668	autosomes	NA	5282668	FALSE
Cephalopachus_bancanus	5308582	autosomes	NA	5308582	FALSE
Cephalopachus_bancanus	5326173	autosomes	NA	5326173	FALSE
Cephalopachus_bancanus	5332471	autosomes	NA	5332471	FALSE
Cephalopachus_bancanus	5342825	autosomes	NA	5342825	FALSE
Cephalopachus_bancanus	5350423	autosomes	NA	5350423	FALSE
Cephalopachus_bancanus	5360144	autosomes	NA	5360144	FALSE
Cephalopachus_bancanus	5373714	autosomes	NA	5373714	FALSE
Cephalopachus_bancanus	5384438	autosomes	NA	5384438	FALSE
Cephalopachus_bancanus	5407533	autosomes	NA	5407533	FALSE
Cephalopachus_bancanus	5468736	autosomes	NA	5468736	FALSE
Cephalopachus_bancanus	5530898	autosomes	NA	5530898	FALSE
Cephalopachus_bancanus	5594021	autosomes	NA	5594021	FALSE
Cephalopachus_bancanus	5635488	autosomes	NA	5635488	FALSE
Cephalopachus_bancanus	5653945	autosomes	NA	5653945	FALSE
Cephalopachus_bancanus	5702047	autosomes	NA	5702047	FALSE
Cephalopachus_bancanus	5717269	autosomes	NA	5717269	FALSE
Cephalopachus_bancanus	5752075	autosomes	NA	5752075	FALSE
Cephalopachus_bancanus	5771752	autosomes	NA	5771752	FALSE
Cephalopachus_bancanus	5779917	autosomes	NA	5779917	FALSE
Cephalopachus_bancanus	5836588	autosomes	NA	5836588	FALSE
Cephalopachus_bancanus	5921364	autosomes	NA	5921364	FALSE
Cephalopachus_bancanus	5932479	autosomes	NA	5932479	FALSE
Cephalopachus_bancanus	5933469	autosomes	NA	5933469	FALSE
Cephalopachus_bancanus	6125446	autosomes	NA	6125446	FALSE
Cephalopachus_bancanus	6146273	autosomes	NA	6146273	FALSE
Cephalopachus_bancanus	6177979	autosomes	NA	6177979	FALSE
Cephalopachus_bancanus	6189931	autosomes	NA	6189931	FALSE
Cephalopachus_bancanus	6246042	autosomes	NA	6246042	FALSE
Cephalopachus_bancanus	6292956	autosomes	NA	6292956	FALSE
Cephalopachus_bancanus	6299392	autosomes	NA	6299392	FALSE
Cephalopachus_bancanus	6395504	autosomes	NA	6395504	FALSE
Cephalopachus_bancanus	6461201	autosomes	NA	6461201	FALSE
Cephalopachus_bancanus	6621284	autosomes	NA	6621284	FALSE
Cephalopachus_bancanus	6632693	autosomes	NA	6632693	FALSE
Cephalopachus_bancanus	6671627	autosomes	NA	6671627	FALSE
Cephalopachus_bancanus	6676375	autosomes	NA	6676375	FALSE
Cephalopachus_bancanus	6706414	autosomes	NA	6706414	FALSE
Cephalopachus_bancanus	6770070	autosomes	NA	6770070	FALSE
Cephalopachus_bancanus	6770999	autosomes	NA	6770999	FALSE
Cephalopachus_bancanus	6800790	autosomes	NA	6800790	FALSE
Cephalopachus_bancanus	6836951	autosomes	NA	6836951	FALSE
Cephalopachus_bancanus	6843142	autosomes	NA	6843142	FALSE
Cephalopachus_bancanus	6901584	autosomes	NA	6901584	FALSE
Cephalopachus_bancanus	6969389	autosomes	NA	6969389	FALSE
Cephalopachus_bancanus	7007429	autosomes	NA	7007429	FALSE
Cephalopachus_bancanus	7019020	autosomes	NA	7019020	FALSE
Cephalopachus_bancanus	7021768	autosomes	NA	7021768	FALSE
Cephalopachus_bancanus	7051912	autosomes	NA	7051912	FALSE
Cephalopachus_bancanus	7091897	autosomes	NA	7091897	FALSE
Cephalopachus_bancanus	7139287	autosomes	NA	7139287	FALSE
Cephalopachus_bancanus	7145442	autosomes	NA	7145442	FALSE
Cephalopachus_bancanus	7177659	autosomes	NA	7177659	FALSE
Cephalopachus_bancanus	7193096	autosomes	NA	7193096	FALSE
Cephalopachus_bancanus	7307410	autosomes	NA	7307410	FALSE
Cephalopachus_bancanus	7334146	autosomes	NA	7334146	FALSE
Cephalopachus_bancanus	7441434	autosomes	NA	7441434	FALSE
Cephalopachus_bancanus	7447618	autosomes	NA	7447618	FALSE
Cephalopachus_bancanus	7467699	autosomes	NA	7467699	FALSE
Cephalopachus_bancanus	7470598	autosomes	NA	7470598	FALSE
Cephalopachus_bancanus	7497290	autosomes	NA	7497290	FALSE
Cephalopachus_bancanus	7509437	autosomes	NA	7509437	FALSE
Cephalopachus_bancanus	7619776	autosomes	NA	7619776	FALSE
Cephalopachus_bancanus	7637601	autosomes	NA	7637601	FALSE
Cephalopachus_bancanus	7680284	autosomes	NA	7680284	FALSE
Cephalopachus_bancanus	8263347	autosomes	NA	8263347	FALSE
Cephalopachus_bancanus	8346957	autosomes	NA	8346957	FALSE
Cephalopachus_bancanus	8551275	autosomes	NA	8551275	FALSE
Cephalopachus_bancanus	8560304	autosomes	NA	8560304	FALSE
Cephalopachus_bancanus	8574883	autosomes	NA	8574883	FALSE
Cephalopachus_bancanus	8627541	autosomes	NA	8627541	FALSE
Cephalopachus_bancanus	8634730	autosomes	NA	8634730	FALSE
Cephalopachus_bancanus	8678523	autosomes	NA	8678523	FALSE
Cephalopachus_bancanus	8695586	autosomes	NA	8695586	FALSE
Cephalopachus_bancanus	8805431	autosomes	NA	8805431	FALSE
Cephalopachus_bancanus	8951364	autosomes	NA	8951364	FALSE
Cephalopachus_bancanus	8985270	autosomes	NA	8985270	FALSE
Cephalopachus_bancanus	8988151	autosomes	NA	8988151	FALSE
Cephalopachus_bancanus	9024014	autosomes	NA	9024014	FALSE
Cephalopachus_bancanus	9030555	autosomes	NA	9030555	FALSE
Cephalopachus_bancanus	9042217	autosomes	NA	9042217	FALSE
Cephalopachus_bancanus	9075790	autosomes	NA	9075790	FALSE
Cephalopachus_bancanus	9146427	autosomes	NA	9146427	FALSE
Cephalopachus_bancanus	9150398	autosomes	NA	9150398	FALSE
Cephalopachus_bancanus	9343930	autosomes	NA	9343930	FALSE
Cephalopachus_bancanus	9393043	autosomes	NA	9393043	FALSE
Cephalopachus_bancanus	9428082	autosomes	NA	9428082	FALSE
Cephalopachus_bancanus	9458561	autosomes	NA	9458561	FALSE
Cephalopachus_bancanus	9544813	autosomes	NA	9544813	FALSE
Cephalopachus_bancanus	9606282	autosomes	NA	9606282	FALSE
Cephalopachus_bancanus	9733616	autosomes	NA	9733616	FALSE
Cephalopachus_bancanus	9734495	autosomes	NA	9734495	FALSE
Cephalopachus_bancanus	10023034	autosomes	NA	10023034	FALSE
Cephalopachus_bancanus	10044544	autosomes	NA	10044544	FALSE
Cephalopachus_bancanus	10239827	autosomes	NA	10239827	FALSE
Cephalopachus_bancanus	10407465	autosomes	NA	10407465	FALSE
Cephalopachus_bancanus	10422143	autosomes	NA	10422143	FALSE
Cephalopachus_bancanus	10486992	autosomes	NA	10486992	FALSE
Cephalopachus_bancanus	10515249	autosomes	NA	10515249	FALSE
Cephalopachus_bancanus	10684878	autosomes	NA	10684878	FALSE
Cephalopachus_bancanus	10698968	autosomes	NA	10698968	FALSE
Cephalopachus_bancanus	10740304	autosomes	NA	10740304	FALSE
Cephalopachus_bancanus	10748043	autosomes	NA	10748043	FALSE
Cephalopachus_bancanus	10829559	autosomes	NA	10829559	FALSE
Cephalopachus_bancanus	11005708	autosomes	NA	11005708	FALSE
Cephalopachus_bancanus	11017678	autosomes	NA	11017678	FALSE
Cephalopachus_bancanus	11061902	autosomes	NA	11061902	FALSE
Cephalopachus_bancanus	11278143	autosomes	NA	11278143	FALSE
Cephalopachus_bancanus	11402434	autosomes	NA	11402434	FALSE
Cephalopachus_bancanus	11409471	autosomes	NA	11409471	FALSE
Cephalopachus_bancanus	11479839	autosomes	NA	11479839	FALSE
Cephalopachus_bancanus	11547855	autosomes	NA	11547855	FALSE
Cephalopachus_bancanus	11625557	autosomes	NA	11625557	FALSE
Cephalopachus_bancanus	11652207	autosomes	NA	11652207	FALSE
Cephalopachus_bancanus	11859083	autosomes	NA	11859083	FALSE
Cephalopachus_bancanus	12101589	autosomes	NA	12101589	FALSE
Cephalopachus_bancanus	12138397	autosomes	NA	12138397	FALSE
Cephalopachus_bancanus	12284825	autosomes	NA	12284825	FALSE
Cephalopachus_bancanus	12525843	autosomes	NA	12525843	FALSE
Cephalopachus_bancanus	12545965	autosomes	NA	12545965	FALSE
Cephalopachus_bancanus	12552721	autosomes	NA	12552721	FALSE
Cephalopachus_bancanus	12575720	autosomes	NA	12575720	FALSE
Cephalopachus_bancanus	12673654	autosomes	NA	12673654	FALSE
Cephalopachus_bancanus	12951774	autosomes	NA	12951774	FALSE
Cephalopachus_bancanus	12979760	autosomes	NA	12979760	FALSE
Cephalopachus_bancanus	14140078	autosomes	NA	14140078	FALSE
Cephalopachus_bancanus	15277323	autosomes	NA	15277323	FALSE
Cephalopachus_bancanus	15351719	autosomes	NA	15351719	FALSE
Cephalopachus_bancanus	15539820	autosomes	NA	15539820	FALSE
Cephalopachus_bancanus	16089376	autosomes	NA	16089376	FALSE
Cephalopachus_bancanus	16384231	autosomes	NA	16384231	FALSE
Cephalopachus_bancanus	16513259	autosomes	NA	16513259	FALSE
Cephalopachus_bancanus	17164649	autosomes	NA	17164649	FALSE
Cephalopachus_bancanus	17389775	autosomes	NA	17389775	FALSE
Cephalopachus_bancanus	17489501	autosomes	NA	17489501	FALSE
Cephalopachus_bancanus	17943684	autosomes	NA	17943684	FALSE
Cephalopachus_bancanus	18364823	autosomes	NA	18364823	FALSE
Cephalopachus_bancanus	18952184	autosomes	NA	18952184	FALSE
Cephalopachus_bancanus	19236322	autosomes	NA	19236322	FALSE
Cephalopachus_bancanus	19402864	autosomes	NA	19402864	FALSE
Cephalopachus_bancanus	19756792	autosomes	NA	19756792	FALSE
Cephalopachus_bancanus	20686301	autosomes	NA	20686301	FALSE
Cephalopachus_bancanus	21693949	autosomes	NA	21693949	FALSE
Cephalopachus_bancanus	24660695	autosomes	NA	24660695	FALSE
Cephalopachus_bancanus	27114607	autosomes	NA	27114607	FALSE
Cephalopachus_bancanus	27246255	autosomes	NA	27246255	FALSE
Cephalopachus_bancanus	30701592	autosomes	NA	30701592	FALSE
Cercopithecus_mitis	1e+06	autosomes	NA	558554759	TRUE
Cercopithecus_mitis	21946602	autosomes	NA	21946602	FALSE
Cercopithecus_mitis	23905768	autosomes	NA	23905768	FALSE
Cercopithecus_mitis	32561146	autosomes	NA	32561146	FALSE
Cercopithecus_mitis	36214567	autosomes	NA	36214567	FALSE
Cercopithecus_mitis	39222078	autosomes	NA	39222078	FALSE
Cercopithecus_mitis	41208324	autosomes	NA	41208324	FALSE
Cercopithecus_mitis	41280424	autosomes	NA	41280424	FALSE
Cercopithecus_mitis	43730733	autosomes	NA	43730733	FALSE
Cercopithecus_mitis	44586243	autosomes	NA	44586243	FALSE
Cercopithecus_mitis	49104474	autosomes	NA	49104474	FALSE
Cercopithecus_mitis	50317756	autosomes	NA	50317756	FALSE
Cercopithecus_mitis	50374119	autosomes	NA	50374119	FALSE
Cercopithecus_mitis	50681266	autosomes	NA	50681266	FALSE
Cercopithecus_mitis	51119100	autosomes	NA	51119100	FALSE
Cercopithecus_mitis	53007276	autosomes	NA	53007276	FALSE
Cercopithecus_mitis	56386964	autosomes	NA	56386964	FALSE
Cercopithecus_mitis	57434522	autosomes	NA	57434522	FALSE
Cercopithecus_mitis	57549001	autosomes	NA	57549001	FALSE
Cercopithecus_mitis	58039581	autosomes	NA	58039581	FALSE
Cercopithecus_mitis	58491616	autosomes	NA	58491616	FALSE
Cercopithecus_mitis	59090989	autosomes	NA	59090989	FALSE
Cercopithecus_mitis	59318320	autosomes	NA	59318320	FALSE
Cercopithecus_mitis	64687006	autosomes	NA	64687006	FALSE
Cercopithecus_mitis	66426888	autosomes	NA	66426888	FALSE
Cercopithecus_mitis	66609738	autosomes	NA	66609738	FALSE
Cercopithecus_mitis	66677163	autosomes	NA	66677163	FALSE
Cercopithecus_mitis	68943537	autosomes	NA	68943537	FALSE
Cercopithecus_mitis	69626470	autosomes	NA	69626470	FALSE
Cercopithecus_mitis	70447679	autosomes	NA	70447679	FALSE
Cercopithecus_mitis	71073243	autosomes	NA	71073243	FALSE
Cercopithecus_mitis	75414072	autosomes	NA	75414072	FALSE
Cercopithecus_mitis	85402577	autosomes	NA	85402577	FALSE
Cercopithecus_mitis	86538786	autosomes	NA	86538786	FALSE
Cercopithecus_mitis	87835244	autosomes	NA	87835244	FALSE
Cercopithecus_mitis	88009121	autosomes	NA	88009121	FALSE
Cercopithecus_mitis	124140859	chrX	NA	124140859	FALSE
Cheirogaleus_medius	1e+06	autosomes	NA	43407541	TRUE
Cheirogaleus_medius	1010071	autosomes	NA	1010071	FALSE
Cheirogaleus_medius	1085476	autosomes	NA	1085476	FALSE
Cheirogaleus_medius	1207502	autosomes	NA	1207502	FALSE
Cheirogaleus_medius	1238440	autosomes	NA	1238440	FALSE
Cheirogaleus_medius	1241356	autosomes	NA	1241356	FALSE
Cheirogaleus_medius	1600351	autosomes	NA	1600351	FALSE
Cheirogaleus_medius	1645645	autosomes	NA	1645645	FALSE
Cheirogaleus_medius	1708860	autosomes	NA	1708860	FALSE
Cheirogaleus_medius	1798427	autosomes	NA	1798427	FALSE
Cheirogaleus_medius	1833803	autosomes	NA	1833803	FALSE
Cheirogaleus_medius	1844730	autosomes	NA	1844730	FALSE
Cheirogaleus_medius	1883451	autosomes	NA	1883451	FALSE
Cheirogaleus_medius	2003417	autosomes	NA	2003417	FALSE
Cheirogaleus_medius	2076626	autosomes	NA	2076626	FALSE
Cheirogaleus_medius	2160859	autosomes	NA	2160859	FALSE
Cheirogaleus_medius	2367435	autosomes	NA	2367435	FALSE
Cheirogaleus_medius	2486481	autosomes	NA	2486481	FALSE
Cheirogaleus_medius	2555486	autosomes	NA	2555486	FALSE
Cheirogaleus_medius	2735935	autosomes	NA	2735935	FALSE
Cheirogaleus_medius	2747027	autosomes	NA	2747027	FALSE
Cheirogaleus_medius	3210808	autosomes	NA	3210808	FALSE
Cheirogaleus_medius	3417916	autosomes	NA	3417916	FALSE
Cheirogaleus_medius	3429336	autosomes	NA	3429336	FALSE
Cheirogaleus_medius	3526358	autosomes	NA	3526358	FALSE
Cheirogaleus_medius	3672855	autosomes	NA	3672855	FALSE
Cheirogaleus_medius	3678287	autosomes	NA	3678287	FALSE
Cheirogaleus_medius	3813775	autosomes	NA	3813775	FALSE
Cheirogaleus_medius	3856166	chrX	NA	3856166	FALSE
Cheirogaleus_medius	4134969	autosomes	NA	4134969	FALSE
Cheirogaleus_medius	4294731	autosomes	NA	4294731	FALSE
Cheirogaleus_medius	4371707	autosomes	NA	4371707	FALSE
Cheirogaleus_medius	4414761	autosomes	NA	4414761	FALSE
Cheirogaleus_medius	4459879	autosomes	NA	4459879	FALSE
Cheirogaleus_medius	4904305	autosomes	NA	4904305	FALSE
Cheirogaleus_medius	4962705	chrX	NA	4962705	FALSE
Cheirogaleus_medius	5043756	autosomes	NA	5043756	FALSE
Cheirogaleus_medius	5263543	chrX	NA	5263543	FALSE
Cheirogaleus_medius	5599224	autosomes	NA	5599224	FALSE
Cheirogaleus_medius	5632780	autosomes	NA	5632780	FALSE
Cheirogaleus_medius	5666945	autosomes	NA	5666945	FALSE
Cheirogaleus_medius	5897250	autosomes	NA	5897250	FALSE
Cheirogaleus_medius	6040099	autosomes	NA	6040099	FALSE
Cheirogaleus_medius	6183481	autosomes	NA	6183481	FALSE
Cheirogaleus_medius	6780122	autosomes	NA	6780122	FALSE
Cheirogaleus_medius	6902382	autosomes	NA	6902382	FALSE
Cheirogaleus_medius	7542502	autosomes	NA	7542502	FALSE
Cheirogaleus_medius	7841072	autosomes	NA	7841072	FALSE
Cheirogaleus_medius	8330424	chrX	NA	8330424	FALSE
Cheirogaleus_medius	9809949	autosomes	NA	9809949	FALSE
Cheirogaleus_medius	10557167	autosomes	NA	10557167	FALSE
Cheirogaleus_medius	11055402	autosomes	NA	11055402	FALSE
Cheirogaleus_medius	11494904	autosomes	NA	11494904	FALSE
Cheirogaleus_medius	11642411	autosomes	NA	11642411	FALSE
Cheirogaleus_medius	11732247	autosomes	NA	11732247	FALSE
Cheirogaleus_medius	11799393	autosomes	NA	11799393	FALSE
Cheirogaleus_medius	11955801	autosomes	NA	11955801	FALSE
Cheirogaleus_medius	12027882	autosomes	NA	12027882	FALSE
Cheirogaleus_medius	12540926	chrX	NA	12540926	FALSE
Cheirogaleus_medius	12842311	autosomes	NA	12842311	FALSE
Cheirogaleus_medius	12955038	autosomes	NA	12955038	FALSE
Cheirogaleus_medius	13677341	chrX	NA	13677341	FALSE
Cheirogaleus_medius	13727898	autosomes	NA	13727898	FALSE
Cheirogaleus_medius	13964450	chrX	NA	13964450	FALSE
Cheirogaleus_medius	14989709	autosomes	NA	14989709	FALSE
Cheirogaleus_medius	15443601	autosomes	NA	15443601	FALSE
Cheirogaleus_medius	15611165	autosomes	NA	15611165	FALSE
Cheirogaleus_medius	17424193	autosomes	NA	17424193	FALSE
Cheirogaleus_medius	19503034	autosomes	NA	19503034	FALSE
Cheirogaleus_medius	20072337	autosomes	NA	20072337	FALSE
Cheirogaleus_medius	20196602	autosomes	NA	20196602	FALSE
Cheirogaleus_medius	20311042	autosomes	NA	20311042	FALSE
Cheirogaleus_medius	21728853	autosomes	NA	21728853	FALSE
Cheirogaleus_medius	22112670	chrX	NA	22112670	FALSE
Cheirogaleus_medius	22475143	autosomes	NA	22475143	FALSE
Cheirogaleus_medius	22604468	chrX	NA	22604468	FALSE
Cheirogaleus_medius	24135635	autosomes	NA	24135635	FALSE
Cheirogaleus_medius	25855255	autosomes	NA	25855255	FALSE
Cheirogaleus_medius	26864180	autosomes	NA	26864180	FALSE
Cheirogaleus_medius	30973133	autosomes	NA	30973133	FALSE
Cheirogaleus_medius	31191305	autosomes	NA	31191305	FALSE
Cheirogaleus_medius	33246488	autosomes	NA	33246488	FALSE
Cheirogaleus_medius	37626039	autosomes	NA	37626039	FALSE
Cheirogaleus_medius	37775272	autosomes	NA	37775272	FALSE
Cheirogaleus_medius	39644205	autosomes	NA	39644205	FALSE
Cheirogaleus_medius	43432478	autosomes	NA	43432478	FALSE
Cheirogaleus_medius	44275814	autosomes	NA	44275814	FALSE
Cheirogaleus_medius	48318266	autosomes	NA	48318266	FALSE
Cheirogaleus_medius	48974614	autosomes	NA	48974614	FALSE
Cheirogaleus_medius	50718527	autosomes	NA	50718527	FALSE
Cheirogaleus_medius	52784502	autosomes	NA	52784502	FALSE
Cheirogaleus_medius	55411795	autosomes	NA	55411795	FALSE
Cheirogaleus_medius	65319252	autosomes	NA	65319252	FALSE
Cheirogaleus_medius	71345542	autosomes	NA	71345542	FALSE
Cheirogaleus_medius	77635453	autosomes	NA	77635453	FALSE
Cheirogaleus_medius	78241664	autosomes	NA	78241664	FALSE
Cheirogaleus_medius	82392695	autosomes	NA	82392695	FALSE
Cheirogaleus_medius	83498184	autosomes	NA	83498184	FALSE
Cheirogaleus_medius	108333780	autosomes	NA	108333780	FALSE
Cheirogaleus_medius	111491614	autosomes	NA	111491614	FALSE
Cheirogaleus_medius	174638116	autosomes	NA	174638116	FALSE
Chlorocebus_sabaeus	1e+06	autosomes	NA	237540105	TRUE
Chlorocebus_sabaeus	1019301	autosomes	NA	1019301	FALSE
Chlorocebus_sabaeus	1028977	autosomes	NA	1028977	FALSE
Chlorocebus_sabaeus	1034204	autosomes	NA	1034204	FALSE
Chlorocebus_sabaeus	1039170	autosomes	NA	1039170	FALSE
Chlorocebus_sabaeus	1047247	autosomes	NA	1047247	FALSE
Chlorocebus_sabaeus	1048531	autosomes	NA	1048531	FALSE
Chlorocebus_sabaeus	1065147	autosomes	NA	1065147	FALSE
Chlorocebus_sabaeus	1072082	autosomes	NA	1072082	FALSE
Chlorocebus_sabaeus	1073259	autosomes	NA	1073259	FALSE
Chlorocebus_sabaeus	1084505	autosomes	NA	1084505	FALSE
Chlorocebus_sabaeus	1084563	autosomes	NA	1084563	FALSE
Chlorocebus_sabaeus	1085486	autosomes	NA	1085486	FALSE
Chlorocebus_sabaeus	1094783	autosomes	NA	1094783	FALSE
Chlorocebus_sabaeus	1103254	autosomes	NA	1103254	FALSE
Chlorocebus_sabaeus	1119979	autosomes	NA	1119979	FALSE
Chlorocebus_sabaeus	1121799	autosomes	NA	1121799	FALSE
Chlorocebus_sabaeus	1144395	autosomes	NA	1144395	FALSE
Chlorocebus_sabaeus	1145242	autosomes	NA	1145242	FALSE
Chlorocebus_sabaeus	1146766	autosomes	NA	1146766	FALSE
Chlorocebus_sabaeus	1156007	autosomes	NA	1156007	FALSE
Chlorocebus_sabaeus	1181000	autosomes	NA	1181000	FALSE
Chlorocebus_sabaeus	1183423	autosomes	NA	1183423	FALSE
Chlorocebus_sabaeus	1192969	autosomes	NA	1192969	FALSE
Chlorocebus_sabaeus	1195347	autosomes	NA	1195347	FALSE
Chlorocebus_sabaeus	1218972	autosomes	NA	1218972	FALSE
Chlorocebus_sabaeus	1271393	autosomes	NA	1271393	FALSE
Chlorocebus_sabaeus	1277341	autosomes	NA	1277341	FALSE
Chlorocebus_sabaeus	1280200	autosomes	NA	1280200	FALSE
Chlorocebus_sabaeus	1285579	autosomes	NA	1285579	FALSE
Chlorocebus_sabaeus	1388972	autosomes	NA	1388972	FALSE
Chlorocebus_sabaeus	1390345	autosomes	NA	1390345	FALSE
Chlorocebus_sabaeus	1394408	autosomes	NA	1394408	FALSE
Chlorocebus_sabaeus	1437268	autosomes	NA	1437268	FALSE
Chlorocebus_sabaeus	1445477	autosomes	NA	1445477	FALSE
Chlorocebus_sabaeus	1448283	autosomes	NA	1448283	FALSE
Chlorocebus_sabaeus	1453885	autosomes	NA	1453885	FALSE
Chlorocebus_sabaeus	1479344	autosomes	NA	1479344	FALSE
Chlorocebus_sabaeus	1479920	autosomes	NA	1479920	FALSE
Chlorocebus_sabaeus	1487787	autosomes	NA	1487787	FALSE
Chlorocebus_sabaeus	1490315	autosomes	NA	1490315	FALSE
Chlorocebus_sabaeus	1501674	autosomes	NA	1501674	FALSE
Chlorocebus_sabaeus	1507198	autosomes	NA	1507198	FALSE
Chlorocebus_sabaeus	1525902	autosomes	NA	1525902	FALSE
Chlorocebus_sabaeus	1551030	autosomes	NA	1551030	FALSE
Chlorocebus_sabaeus	1606932	autosomes	NA	1606932	FALSE
Chlorocebus_sabaeus	1639897	autosomes	NA	1639897	FALSE
Chlorocebus_sabaeus	1647869	autosomes	NA	1647869	FALSE
Chlorocebus_sabaeus	1684004	autosomes	NA	1684004	FALSE
Chlorocebus_sabaeus	1696277	autosomes	NA	1696277	FALSE
Chlorocebus_sabaeus	1702485	autosomes	NA	1702485	FALSE
Chlorocebus_sabaeus	1708402	autosomes	NA	1708402	FALSE
Chlorocebus_sabaeus	1715418	autosomes	NA	1715418	FALSE
Chlorocebus_sabaeus	1730528	autosomes	NA	1730528	FALSE
Chlorocebus_sabaeus	1833507	autosomes	NA	1833507	FALSE
Chlorocebus_sabaeus	1877101	autosomes	NA	1877101	FALSE
Chlorocebus_sabaeus	1903034	autosomes	NA	1903034	FALSE
Chlorocebus_sabaeus	1979771	autosomes	NA	1979771	FALSE
Chlorocebus_sabaeus	2011667	autosomes	NA	2011667	FALSE
Chlorocebus_sabaeus	2099256	autosomes	NA	2099256	FALSE
Chlorocebus_sabaeus	2119612	autosomes	NA	2119612	FALSE
Chlorocebus_sabaeus	2150192	autosomes	NA	2150192	FALSE
Chlorocebus_sabaeus	2231934	autosomes	NA	2231934	FALSE
Chlorocebus_sabaeus	2240435	autosomes	NA	2240435	FALSE
Chlorocebus_sabaeus	2293860	autosomes	NA	2293860	FALSE
Chlorocebus_sabaeus	2300076	autosomes	NA	2300076	FALSE
Chlorocebus_sabaeus	2353103	autosomes	NA	2353103	FALSE
Chlorocebus_sabaeus	2366766	autosomes	NA	2366766	FALSE
Chlorocebus_sabaeus	2426339	autosomes	NA	2426339	FALSE
Chlorocebus_sabaeus	2564623	autosomes	NA	2564623	FALSE
Chlorocebus_sabaeus	2590293	autosomes	NA	2590293	FALSE
Chlorocebus_sabaeus	2625174	autosomes	NA	2625174	FALSE
Chlorocebus_sabaeus	2648685	autosomes	NA	2648685	FALSE
Chlorocebus_sabaeus	2790423	autosomes	NA	2790423	FALSE
Chlorocebus_sabaeus	2904662	autosomes	NA	2904662	FALSE
Chlorocebus_sabaeus	2930289	autosomes	NA	2930289	FALSE
Chlorocebus_sabaeus	3232988	autosomes	NA	3232988	FALSE
Chlorocebus_sabaeus	3274523	autosomes	NA	3274523	FALSE
Chlorocebus_sabaeus	3633160	autosomes	NA	3633160	FALSE
Chlorocebus_sabaeus	4374702	autosomes	NA	4374702	FALSE
Chlorocebus_sabaeus	5128848	autosomes	NA	5128848	FALSE
Chlorocebus_sabaeus	6089428	autosomes	NA	6089428	FALSE
Chlorocebus_sabaeus	6591012	autosomes	NA	6591012	FALSE
Chlorocebus_sabaeus	21718702	autosomes	NA	21718702	FALSE
Chlorocebus_sabaeus	24559429	autosomes	NA	24559429	FALSE
Chlorocebus_sabaeus	35402967	autosomes	NA	35402967	FALSE
Chlorocebus_sabaeus	49800949	autosomes	NA	49800949	FALSE
Chlorocebus_sabaeus	60881566	autosomes	NA	60881566	FALSE
Chlorocebus_sabaeus	62760596	autosomes	NA	62760596	FALSE
Chlorocebus_sabaeus	74923282	autosomes	NA	74923282	FALSE
Chlorocebus_sabaeus	75060956	autosomes	NA	75060956	FALSE
Chlorocebus_sabaeus	80836860	autosomes	NA	80836860	FALSE
Chlorocebus_sabaeus	83249536	autosomes	NA	83249536	FALSE
Chlorocebus_sabaeus	85192205	autosomes	NA	85192205	FALSE
Chlorocebus_sabaeus	86727680	autosomes	NA	86727680	FALSE
Chlorocebus_sabaeus	86974410	autosomes	NA	86974410	FALSE
Chlorocebus_sabaeus	92779444	autosomes	NA	92779444	FALSE
Chlorocebus_sabaeus	94189417	autosomes	NA	94189417	FALSE
Chlorocebus_sabaeus	95609561	autosomes	NA	95609561	FALSE
Chlorocebus_sabaeus	100608741	autosomes	NA	100608741	FALSE
Chlorocebus_sabaeus	100816256	autosomes	NA	100816256	FALSE
Chlorocebus_sabaeus	102705282	autosomes	NA	102705282	FALSE
Chlorocebus_sabaeus	109485269	autosomes	NA	109485269	FALSE
Chlorocebus_sabaeus	114680907	autosomes	NA	114680907	FALSE
Chlorocebus_sabaeus	130130119	autosomes	NA	130130119	FALSE
Chlorocebus_sabaeus	130470402	autosomes	NA	130470402	FALSE
Chlorocebus_sabaeus	130623183	autosomes	NA	130623183	FALSE
Chlorocebus_sabaeus	131980464	autosomes	NA	131980464	FALSE
Chlorocebus_sabaeus	135982492	autosomes	NA	135982492	FALSE
Chlorocebus_sabaeus	136393570	autosomes	NA	136393570	FALSE
Chlorocebus_sabaeus	140616110	autosomes	NA	140616110	FALSE
Chlorocebus_sabaeus	149214732	autosomes	NA	149214732	FALSE
Chlorocebus_sabaeus	151995220	chrX	chrX	151995220	FALSE
Colobus_guereza	1e+06	autosomes	NA	50308859	TRUE
Colobus_guereza	2191216	chrY	NA	2191216	FALSE
Colobus_guereza	3318506	autosomes	NA	3318506	FALSE
Colobus_guereza	5604462	chrY	chrY	5604462	FALSE
Colobus_guereza	22020617	autosomes	NA	22020617	FALSE
Colobus_guereza	39050843	autosomes	NA	39050843	FALSE
Colobus_guereza	69613926	autosomes	NA	69613926	FALSE
Colobus_guereza	72944029	autosomes	NA	72944029	FALSE
Colobus_guereza	75875964	autosomes	NA	75875964	FALSE
Colobus_guereza	90323727	autosomes	NA	90323727	FALSE
Colobus_guereza	110638776	autosomes	NA	110638776	FALSE
Colobus_guereza	111308846	autosomes	NA	111308846	FALSE
Colobus_guereza	114660633	autosomes	NA	114660633	FALSE
Colobus_guereza	125483068	autosomes	NA	125483068	FALSE
Colobus_guereza	130579420	autosomes	NA	130579420	FALSE
Colobus_guereza	137098704	autosomes	NA	137098704	FALSE
Colobus_guereza	137989635	autosomes	NA	137989635	FALSE
Colobus_guereza	139877677	autosomes	NA	139877677	FALSE
Colobus_guereza	149281349	autosomes	NA	149281349	FALSE
Colobus_guereza	155790761	chrX	chrX	155790761	FALSE
Colobus_guereza	158022787	autosomes	NA	158022787	FALSE
Colobus_guereza	159747032	autosomes	NA	159747032	FALSE
Colobus_guereza	173636203	autosomes	NA	173636203	FALSE
Colobus_guereza	175019944	autosomes	NA	175019944	FALSE
Colobus_guereza	176284641	autosomes	NA	176284641	FALSE
Colobus_guereza	189244797	autosomes	NA	189244797	FALSE
Colobus_guereza	200748455	autosomes	NA	200748455	FALSE
Daubentonia_madagascariensis	1e+06	autosomes	NA	20233690	TRUE
Daubentonia_madagascariensis	28257198	autosomes	NA	28257198	FALSE
Daubentonia_madagascariensis	34254822	autosomes	NA	34254822	FALSE
Daubentonia_madagascariensis	62733483	autosomes	NA	62733483	FALSE
Daubentonia_madagascariensis	67301774	autosomes	NA	67301774	FALSE
Daubentonia_madagascariensis	102076017	autosomes	NA	102076017	FALSE
Daubentonia_madagascariensis	114896738	autosomes	NA	114896738	FALSE
Daubentonia_madagascariensis	140619500	chrX	NA	140619500	FALSE
Daubentonia_madagascariensis	162769830	autosomes	NA	162769830	FALSE
Daubentonia_madagascariensis	199604927	autosomes	NA	199604927	FALSE
Daubentonia_madagascariensis	204016426	autosomes	NA	204016426	FALSE
Daubentonia_madagascariensis	215448047	autosomes	NA	215448047	FALSE
Daubentonia_madagascariensis	219686500	autosomes	NA	219686500	FALSE
Daubentonia_madagascariensis	261424170	autosomes	NA	261424170	FALSE
Daubentonia_madagascariensis	290592686	autosomes	NA	290592686	FALSE
Daubentonia_madagascariensis	316165773	autosomes	NA	316165773	FALSE
Eulemur_flavifrons	1e+06	autosomes	NA	32503667	TRUE
Eulemur_flavifrons	1408555	autosomes	NA	1408555	FALSE
Eulemur_flavifrons	7744789	autosomes	NA	7744789	FALSE
Eulemur_flavifrons	13436902	autosomes	NA	13436902	FALSE
Eulemur_flavifrons	14574004	autosomes	NA	14574004	FALSE
Eulemur_flavifrons	23491953	autosomes	NA	23491953	FALSE
Eulemur_flavifrons	23566555	autosomes	NA	23566555	FALSE
Eulemur_flavifrons	26520479	autosomes	NA	26520479	FALSE
Eulemur_flavifrons	29799996	autosomes	NA	29799996	FALSE
Eulemur_flavifrons	35709113	autosomes	NA	35709113	FALSE
Eulemur_flavifrons	35924064	autosomes	NA	35924064	FALSE
Eulemur_flavifrons	90726502	autosomes	NA	90726502	FALSE
Eulemur_flavifrons	107104409	autosomes	NA	107104409	FALSE
Eulemur_flavifrons	111878440	chrX	NA	111878440	FALSE
Eulemur_flavifrons	121055598	autosomes	NA	121055598	FALSE
Eulemur_flavifrons	125347299	autosomes	NA	125347299	FALSE
Eulemur_flavifrons	149948850	autosomes	NA	149948850	FALSE
Eulemur_flavifrons	156661540	autosomes	NA	156661540	FALSE
Eulemur_flavifrons	161858188	autosomes	NA	161858188	FALSE
Eulemur_flavifrons	177128987	autosomes	NA	177128987	FALSE
Eulemur_flavifrons	191253396	autosomes	NA	191253396	FALSE
Eulemur_flavifrons	201748287	autosomes	NA	201748287	FALSE
Eulemur_flavifrons	272302482	autosomes	NA	272302482	FALSE
Eulemur_mongoz	1e+06	autosomes	NA	266175226	TRUE
Eulemur_mongoz	5972893	autosomes	NA	5972893	FALSE
Eulemur_mongoz	11651528	chrY	NA	11651528	FALSE
Eulemur_mongoz	12022645	autosomes	NA	12022645	FALSE
Eulemur_mongoz	12753366	autosomes	NA	12753366	FALSE
Eulemur_mongoz	20244915	autosomes	NA	20244915	FALSE
Eulemur_mongoz	20782802	autosomes	NA	20782802	FALSE
Eulemur_mongoz	23081454	autosomes	NA	23081454	FALSE
Eulemur_mongoz	26826350	autosomes	NA	26826350	FALSE
Eulemur_mongoz	29133006	autosomes	NA	29133006	FALSE
Eulemur_mongoz	31553365	autosomes	NA	31553365	FALSE
Eulemur_mongoz	31613991	autosomes	NA	31613991	FALSE
Eulemur_mongoz	32648401	autosomes	NA	32648401	FALSE
Eulemur_mongoz	46426427	autosomes	NA	46426427	FALSE
Eulemur_mongoz	49883926	autosomes	NA	49883926	FALSE
Eulemur_mongoz	50558903	autosomes	NA	50558903	FALSE
Eulemur_mongoz	60034476	autosomes	NA	60034476	FALSE
Eulemur_mongoz	63009550	autosomes	NA	63009550	FALSE
Eulemur_mongoz	67676151	autosomes	NA	67676151	FALSE
Eulemur_mongoz	82429097	autosomes	NA	82429097	FALSE
Eulemur_mongoz	86056301	autosomes	NA	86056301	FALSE
Eulemur_mongoz	92140356	autosomes	NA	92140356	FALSE
Eulemur_mongoz	93181883	autosomes	NA	93181883	FALSE
Eulemur_mongoz	93324657	autosomes	NA	93324657	FALSE
Eulemur_mongoz	93558161	autosomes	NA	93558161	FALSE
Eulemur_mongoz	95767074	autosomes	NA	95767074	FALSE
Eulemur_mongoz	100105894	autosomes	NA	100105894	FALSE
Eulemur_mongoz	103121626	chrX	NA	103121626	FALSE
Eulemur_mongoz	108244268	autosomes	NA	108244268	FALSE
Eulemur_mongoz	110213302	autosomes	NA	110213302	FALSE
Eulemur_mongoz	248412507	autosomes	NA	248412507	FALSE
Eulemur_rufifrons	1e+06	autosomes	NA	94661535	TRUE
Eulemur_rufifrons	1012558	autosomes	NA	1012558	FALSE
Eulemur_rufifrons	1021925	autosomes	NA	1021925	FALSE
Eulemur_rufifrons	1042880	autosomes	NA	1042880	FALSE
Eulemur_rufifrons	1056000	autosomes	NA	1056000	FALSE
Eulemur_rufifrons	1067118	autosomes	NA	1067118	FALSE
Eulemur_rufifrons	1070006	autosomes	NA	1070006	FALSE
Eulemur_rufifrons	1086000	autosomes	NA	1086000	FALSE
Eulemur_rufifrons	1091357	autosomes	NA	1091357	FALSE
Eulemur_rufifrons	1092967	autosomes	NA	1092967	FALSE
Eulemur_rufifrons	1093980	autosomes	NA	1093980	FALSE
Eulemur_rufifrons	1095294	autosomes	NA	1095294	FALSE
Eulemur_rufifrons	1112944	autosomes	NA	1112944	FALSE
Eulemur_rufifrons	1120865	autosomes	NA	1120865	FALSE
Eulemur_rufifrons	1136868	autosomes	NA	1136868	FALSE
Eulemur_rufifrons	1137794	autosomes	NA	1137794	FALSE
Eulemur_rufifrons	1156794	autosomes	NA	1156794	FALSE
Eulemur_rufifrons	1215194	autosomes	NA	1215194	FALSE
Eulemur_rufifrons	1233126	autosomes	NA	1233126	FALSE
Eulemur_rufifrons	1233921	autosomes	NA	1233921	FALSE
Eulemur_rufifrons	1238745	autosomes	NA	1238745	FALSE
Eulemur_rufifrons	1278064	autosomes	NA	1278064	FALSE
Eulemur_rufifrons	1281000	autosomes	NA	1281000	FALSE
Eulemur_rufifrons	1295530	autosomes	NA	1295530	FALSE
Eulemur_rufifrons	1352063	autosomes	NA	1352063	FALSE
Eulemur_rufifrons	1396835	autosomes	NA	1396835	FALSE
Eulemur_rufifrons	1398396	autosomes	NA	1398396	FALSE
Eulemur_rufifrons	1434051	autosomes	NA	1434051	FALSE
Eulemur_rufifrons	1437617	autosomes	NA	1437617	FALSE
Eulemur_rufifrons	1460765	autosomes	NA	1460765	FALSE
Eulemur_rufifrons	1490721	autosomes	NA	1490721	FALSE
Eulemur_rufifrons	1510000	autosomes	NA	1510000	FALSE
Eulemur_rufifrons	1515064	autosomes	NA	1515064	FALSE
Eulemur_rufifrons	1543577	autosomes	NA	1543577	FALSE
Eulemur_rufifrons	1544776	autosomes	NA	1544776	FALSE
Eulemur_rufifrons	1642471	autosomes	NA	1642471	FALSE
Eulemur_rufifrons	1719957	autosomes	NA	1719957	FALSE
Eulemur_rufifrons	1836494	autosomes	NA	1836494	FALSE
Eulemur_rufifrons	1869750	autosomes	NA	1869750	FALSE
Eulemur_rufifrons	1931401	autosomes	NA	1931401	FALSE
Eulemur_rufifrons	1970652	autosomes	NA	1970652	FALSE
Eulemur_rufifrons	1972954	autosomes	NA	1972954	FALSE
Eulemur_rufifrons	1989140	autosomes	NA	1989140	FALSE
Eulemur_rufifrons	1991700	autosomes	NA	1991700	FALSE
Eulemur_rufifrons	2009566	autosomes	NA	2009566	FALSE
Eulemur_rufifrons	2017102	autosomes	NA	2017102	FALSE
Eulemur_rufifrons	2155072	autosomes	NA	2155072	FALSE
Eulemur_rufifrons	2164975	autosomes	NA	2164975	FALSE
Eulemur_rufifrons	2249029	autosomes	NA	2249029	FALSE
Eulemur_rufifrons	2267293	autosomes	NA	2267293	FALSE
Eulemur_rufifrons	2349112	autosomes	NA	2349112	FALSE
Eulemur_rufifrons	2479000	autosomes	NA	2479000	FALSE
Eulemur_rufifrons	2781387	autosomes	NA	2781387	FALSE
Eulemur_rufifrons	3485603	autosomes	NA	3485603	FALSE
Eulemur_rufifrons	3600271	autosomes	NA	3600271	FALSE
Eulemur_rufifrons	3686537	autosomes	NA	3686537	FALSE
Eulemur_rufifrons	4543252	autosomes	NA	4543252	FALSE
Eulemur_rufifrons	5794560	autosomes	NA	5794560	FALSE
Eulemur_rufifrons	6062254	autosomes	NA	6062254	FALSE
Eulemur_rufifrons	8156273	autosomes	NA	8156273	FALSE
Eulemur_rufifrons	14591142	autosomes	NA	14591142	FALSE
Eulemur_rufifrons	15910417	autosomes	NA	15910417	FALSE
Eulemur_rufifrons	26465579	autosomes	NA	26465579	FALSE
Eulemur_rufifrons	27793780	autosomes	NA	27793780	FALSE
Eulemur_rufifrons	27839131	autosomes	NA	27839131	FALSE
Eulemur_rufifrons	32442724	autosomes	NA	32442724	FALSE
Eulemur_rufifrons	34944010	autosomes	NA	34944010	FALSE
Eulemur_rufifrons	37015691	autosomes	NA	37015691	FALSE
Eulemur_rufifrons	37391153	autosomes	NA	37391153	FALSE
Eulemur_rufifrons	39851747	autosomes	NA	39851747	FALSE
Eulemur_rufifrons	52742479	autosomes	NA	52742479	FALSE
Eulemur_rufifrons	57052301	autosomes	NA	57052301	FALSE
Eulemur_rufifrons	57928974	autosomes	NA	57928974	FALSE
Eulemur_rufifrons	71898211	autosomes	NA	71898211	FALSE
Eulemur_rufifrons	72971537	autosomes	NA	72971537	FALSE
Eulemur_rufifrons	84856838	autosomes	NA	84856838	FALSE
Eulemur_rufifrons	96725364	autosomes	NA	96725364	FALSE
Eulemur_rufifrons	97253264	autosomes	NA	97253264	FALSE
Eulemur_rufifrons	97879674	autosomes	NA	97879674	FALSE
Eulemur_rufifrons	100874195	autosomes	NA	100874195	FALSE
Eulemur_rufifrons	104926625	autosomes	NA	104926625	FALSE
Eulemur_rufifrons	105290226	autosomes	NA	105290226	FALSE
Eulemur_rufifrons	109556897	autosomes	NA	109556897	FALSE
Eulemur_rufifrons	115555682	autosomes	NA	115555682	FALSE
Eulemur_rufifrons	126195036	autosomes	NA	126195036	FALSE
Eulemur_rufifrons	128154471	autosomes	NA	128154471	FALSE
Eulemur_rufifrons	144850586	chrX	NA	144850586	FALSE
Eulemur_rufifrons	286977577	autosomes	NA	286977577	FALSE
Gorilla_gorilla	1e+06	autosomes	NA	16412	TRUE
Gorilla_gorilla	54769797	autosomes	NA	54769797	FALSE
Gorilla_gorilla	59507314	autosomes	NA	59507314	FALSE
Gorilla_gorilla	67405748	chrY	chrY	67405748	FALSE
Gorilla_gorilla	80312928	autosomes	NA	80312928	FALSE
Gorilla_gorilla	84443219	autosomes	NA	84443219	FALSE
Gorilla_gorilla	107915467	autosomes	NA	107915467	FALSE
Gorilla_gorilla	116054869	autosomes	NA	116054869	FALSE
Gorilla_gorilla	120452965	autosomes	NA	120452965	FALSE
Gorilla_gorilla	131347499	autosomes	NA	131347499	FALSE
Gorilla_gorilla	131692671	autosomes	NA	131692671	FALSE
Gorilla_gorilla	132018348	autosomes	NA	132018348	FALSE
Gorilla_gorilla	134695396	autosomes	NA	134695396	FALSE
Gorilla_gorilla	145906006	autosomes	NA	145906006	FALSE
Gorilla_gorilla	147876701	autosomes	NA	147876701	FALSE
Gorilla_gorilla	150248535	autosomes	NA	150248535	FALSE
Gorilla_gorilla	150804130	autosomes	NA	150804130	FALSE
Gorilla_gorilla	154228409	autosomes	NA	154228409	FALSE
Gorilla_gorilla	158533252	autosomes	NA	158533252	FALSE
Gorilla_gorilla	170803427	autosomes	NA	170803427	FALSE
Gorilla_gorilla	177558554	chrX	chrX	177558554	FALSE
Gorilla_gorilla	195332687	autosomes	NA	195332687	FALSE
Gorilla_gorilla	199452338	autosomes	NA	199452338	FALSE
Gorilla_gorilla	215253457	autosomes	NA	215253457	FALSE
Gorilla_gorilla	215373162	autosomes	NA	215373162	FALSE
Gorilla_gorilla	243847345	autosomes	NA	243847345	FALSE
Hoolock_leuconedys	84890012	autosomes	NA	84890012	FALSE
Hoolock_leuconedys	88733858	autosomes	NA	88733858	FALSE
Hoolock_leuconedys	101099151	autosomes	NA	101099151	FALSE
Hoolock_leuconedys	104997053	autosomes	NA	104997053	FALSE
Hoolock_leuconedys	106155897	autosomes	NA	106155897	FALSE
Hoolock_leuconedys	113351816	autosomes	NA	113351816	FALSE
Hoolock_leuconedys	115684913	autosomes	NA	115684913	FALSE
Hoolock_leuconedys	116101402	autosomes	NA	116101402	FALSE
Hoolock_leuconedys	122244056	autosomes	NA	122244056	FALSE
Hoolock_leuconedys	142999521	chrX	chrX	142999521	FALSE
Hoolock_leuconedys	158052080	autosomes	NA	158052080	FALSE
Hoolock_leuconedys	159996863	autosomes	NA	159996863	FALSE
Hoolock_leuconedys	168109244	autosomes	NA	168109244	FALSE
Hoolock_leuconedys	171102821	autosomes	NA	171102821	FALSE
Hoolock_leuconedys	183780091	autosomes	NA	183780091	FALSE
Hoolock_leuconedys	186387884	autosomes	NA	186387884	FALSE
Hoolock_leuconedys	205273716	autosomes	NA	205273716	FALSE
Hoolock_leuconedys	205431765	autosomes	NA	205431765	FALSE
Hoolock_leuconedys	226217378	autosomes	NA	226217378	FALSE
Hylobates_pileatus	1e+06	autosomes	NA	18752101	TRUE
Hylobates_pileatus	1100000	autosomes	NA	1100000	FALSE
Hylobates_pileatus	1488354	autosomes	NA	1488354	FALSE
Hylobates_pileatus	2120185	autosomes	NA	2120185	FALSE
Hylobates_pileatus	2432992	autosomes	NA	2432992	FALSE
Hylobates_pileatus	57515322	autosomes	NA	57515322	FALSE
Hylobates_pileatus	61316151	autosomes	NA	61316151	FALSE
Hylobates_pileatus	84332650	autosomes	NA	84332650	FALSE
Hylobates_pileatus	88884776	autosomes	NA	88884776	FALSE
Hylobates_pileatus	89905226	autosomes	NA	89905226	FALSE
Hylobates_pileatus	93105365	autosomes	NA	93105365	FALSE
Hylobates_pileatus	103830356	autosomes	NA	103830356	FALSE
Hylobates_pileatus	108794989	autosomes	NA	108794989	FALSE
Hylobates_pileatus	112894520	autosomes	NA	112894520	FALSE
Hylobates_pileatus	113526856	autosomes	NA	113526856	FALSE
Hylobates_pileatus	114287294	autosomes	NA	114287294	FALSE
Hylobates_pileatus	114497094	autosomes	NA	114497094	FALSE
Hylobates_pileatus	129138246	autosomes	NA	129138246	FALSE
Hylobates_pileatus	131825309	autosomes	NA	131825309	FALSE
Hylobates_pileatus	137651169	autosomes	NA	137651169	FALSE
Hylobates_pileatus	143399312	autosomes	NA	143399312	FALSE
Hylobates_pileatus	155938859	chrX	NA	155938859	FALSE
Hylobates_pileatus	165894608	autosomes	NA	165894608	FALSE
Hylobates_pileatus	181061439	autosomes	NA	181061439	FALSE
Hylobates_pileatus	189753342	autosomes	NA	189753342	FALSE
Hylobates_pileatus	191637585	autosomes	NA	191637585	FALSE
Hylobates_pileatus	256317233	autosomes	NA	256317233	FALSE
Lemur_catta	1e+06	autosomes	NA	24166584	TRUE
Lemur_catta	1003044	autosomes	NA	1003044	FALSE
Lemur_catta	1070991	autosomes	NA	1070991	FALSE
Lemur_catta	1116074	autosomes	NA	1116074	FALSE
Lemur_catta	1120364	autosomes	NA	1120364	FALSE
Lemur_catta	1129245	autosomes	NA	1129245	FALSE
Lemur_catta	1240353	autosomes	NA	1240353	FALSE
Lemur_catta	1277486	autosomes	NA	1277486	FALSE
Lemur_catta	1386239	autosomes	NA	1386239	FALSE
Lemur_catta	1411040	autosomes	NA	1411040	FALSE
Lemur_catta	1534778	autosomes	NA	1534778	FALSE
Lemur_catta	1574362	autosomes	NA	1574362	FALSE
Lemur_catta	1574568	autosomes	NA	1574568	FALSE
Lemur_catta	1621058	autosomes	NA	1621058	FALSE
Lemur_catta	1630978	autosomes	NA	1630978	FALSE
Lemur_catta	1640810	autosomes	NA	1640810	FALSE
Lemur_catta	1821073	autosomes	NA	1821073	FALSE
Lemur_catta	1917182	autosomes	NA	1917182	FALSE
Lemur_catta	1917249	autosomes	NA	1917249	FALSE
Lemur_catta	1968298	autosomes	NA	1968298	FALSE
Lemur_catta	2067697	autosomes	NA	2067697	FALSE
Lemur_catta	2131560	autosomes	NA	2131560	FALSE
Lemur_catta	2244165	autosomes	NA	2244165	FALSE
Lemur_catta	2256868	autosomes	NA	2256868	FALSE
Lemur_catta	2380403	autosomes	NA	2380403	FALSE
Lemur_catta	2605031	autosomes	NA	2605031	FALSE
Lemur_catta	2759590	autosomes	NA	2759590	FALSE
Lemur_catta	3105120	autosomes	NA	3105120	FALSE
Lemur_catta	3168015	autosomes	NA	3168015	FALSE
Lemur_catta	6804709	chrY	chrY	6804709	FALSE
Lemur_catta	9714578	autosomes	NA	9714578	FALSE
Lemur_catta	14521788	autosomes	NA	14521788	FALSE
Lemur_catta	16987551	autosomes	NA	16987551	FALSE
Lemur_catta	30841577	autosomes	NA	30841577	FALSE
Lemur_catta	31472186	autosomes	NA	31472186	FALSE
Lemur_catta	34588564	autosomes	NA	34588564	FALSE
Lemur_catta	34904378	autosomes	NA	34904378	FALSE
Lemur_catta	37494493	autosomes	NA	37494493	FALSE
Lemur_catta	49360328	autosomes	NA	49360328	FALSE
Lemur_catta	51633263	autosomes	NA	51633263	FALSE
Lemur_catta	56653852	autosomes	NA	56653852	FALSE
Lemur_catta	57765672	autosomes	NA	57765672	FALSE
Lemur_catta	70886106	autosomes	NA	70886106	FALSE
Lemur_catta	73531725	chrX	chrX	73531725	FALSE
Lemur_catta	84040924	autosomes	NA	84040924	FALSE
Lemur_catta	93510380	autosomes	NA	93510380	FALSE
Lemur_catta	99277061	autosomes	NA	99277061	FALSE
Lemur_catta	99922226	autosomes	NA	99922226	FALSE
Lemur_catta	102162704	autosomes	NA	102162704	FALSE
Lemur_catta	103682405	autosomes	NA	103682405	FALSE
Lemur_catta	108754000	autosomes	NA	108754000	FALSE
Lemur_catta	109667037	autosomes	NA	109667037	FALSE
Lemur_catta	114043961	autosomes	NA	114043961	FALSE
Lemur_catta	117448925	autosomes	NA	117448925	FALSE
Lemur_catta	126926352	autosomes	NA	126926352	FALSE
Lemur_catta	147489633	autosomes	NA	147489633	FALSE
Lemur_catta	286674946	autosomes	NA	286674946	FALSE
Leontopithecus_rosalia	1e+06	autosomes	NA	223213265	TRUE
Leontopithecus_rosalia	1136967	autosomes	NA	1136967	FALSE
Leontopithecus_rosalia	32419181	autosomes	NA	32419181	FALSE
Leontopithecus_rosalia	41577538	autosomes	NA	41577538	FALSE
Leontopithecus_rosalia	41614999	autosomes	NA	41614999	FALSE
Leontopithecus_rosalia	44662985	autosomes	NA	44662985	FALSE
Leontopithecus_rosalia	59012478	autosomes	NA	59012478	FALSE
Leontopithecus_rosalia	68251265	autosomes	NA	68251265	FALSE
Leontopithecus_rosalia	90060490	autosomes	NA	90060490	FALSE
Leontopithecus_rosalia	91849638	autosomes	NA	91849638	FALSE
Leontopithecus_rosalia	109004852	autosomes	NA	109004852	FALSE
Leontopithecus_rosalia	111197590	autosomes	NA	111197590	FALSE
Leontopithecus_rosalia	111200769	autosomes	NA	111200769	FALSE
Leontopithecus_rosalia	115913060	autosomes	NA	115913060	FALSE
Leontopithecus_rosalia	117038595	autosomes	NA	117038595	FALSE
Leontopithecus_rosalia	121128971	autosomes	NA	121128971	FALSE
Leontopithecus_rosalia	123992266	autosomes	NA	123992266	FALSE
Leontopithecus_rosalia	129031055	chrX	NA	129031055	FALSE
Leontopithecus_rosalia	141862267	autosomes	NA	141862267	FALSE
Leontopithecus_rosalia	146846242	autosomes	NA	146846242	FALSE
Leontopithecus_rosalia	150084174	autosomes	NA	150084174	FALSE
Leontopithecus_rosalia	155535446	autosomes	NA	155535446	FALSE
Leontopithecus_rosalia	174435890	autosomes	NA	174435890	FALSE
Leontopithecus_rosalia	186967050	autosomes	NA	186967050	FALSE
Leontopithecus_rosalia	194095082	autosomes	NA	194095082	FALSE
Macaca_fascicularis	1e+06	mtDNA	NA	16561	TRUE
Macaca_fascicularis	17124583	chrY	chrY	17124583	FALSE
Macaca_fascicularis	66382070	autosomes	NA	66382070	FALSE
Macaca_fascicularis	81929616	autosomes	NA	81929616	FALSE
Macaca_fascicularis	86056530	autosomes	NA	86056530	FALSE
Macaca_fascicularis	89758255	autosomes	NA	89758255	FALSE
Macaca_fascicularis	104623588	autosomes	NA	104623588	FALSE
Macaca_fascicularis	120451489	autosomes	NA	120451489	FALSE
Macaca_fascicularis	122129872	autosomes	NA	122129872	FALSE
Macaca_fascicularis	128608738	autosomes	NA	128608738	FALSE
Macaca_fascicularis	133402803	autosomes	NA	133402803	FALSE
Macaca_fascicularis	138599521	autosomes	NA	138599521	FALSE
Macaca_fascicularis	140374497	autosomes	NA	140374497	FALSE
Macaca_fascicularis	142802635	autosomes	NA	142802635	FALSE
Macaca_fascicularis	154933826	autosomes	NA	154933826	FALSE
Macaca_fascicularis	162126771	chrX	chrX	162126771	FALSE
Macaca_fascicularis	173030664	autosomes	NA	173030664	FALSE
Macaca_fascicularis	176059691	autosomes	NA	176059691	FALSE
Macaca_fascicularis	188935743	autosomes	NA	188935743	FALSE
Macaca_fascicularis	194799049	autosomes	NA	194799049	FALSE
Macaca_fascicularis	200656507	autosomes	NA	200656507	FALSE
Macaca_fascicularis	203129947	autosomes	NA	203129947	FALSE
Macaca_fascicularis	234122563	autosomes	NA	234122563	FALSE
Macaca_mulatta	1e+06	autosomes	NA	113744592	TRUE
Macaca_mulatta	1e+06	chrX	chrX	247831	TRUE
Macaca_mulatta	1005795	autosomes	NA	1005795	FALSE
Macaca_mulatta	1117261	autosomes	NA	1117261	FALSE
Macaca_mulatta	1229889	autosomes	NA	1229889	FALSE
Macaca_mulatta	11753682	chrY	chrY	11753682	FALSE
Macaca_mulatta	58315233	autosomes	NA	58315233	FALSE
Macaca_mulatta	74474043	autosomes	NA	74474043	FALSE
Macaca_mulatta	77137495	autosomes	NA	77137495	FALSE
Macaca_mulatta	79627064	autosomes	NA	79627064	FALSE
Macaca_mulatta	95433459	autosomes	NA	95433459	FALSE
Macaca_mulatta	99517758	autosomes	NA	99517758	FALSE
Macaca_mulatta	108737130	autosomes	NA	108737130	FALSE
Macaca_mulatta	113283604	autosomes	NA	113283604	FALSE
Macaca_mulatta	128056306	autosomes	NA	128056306	FALSE
Macaca_mulatta	130043856	autosomes	NA	130043856	FALSE
Macaca_mulatta	133066086	autosomes	NA	133066086	FALSE
Macaca_mulatta	134124166	autosomes	NA	134124166	FALSE
Macaca_mulatta	145679320	autosomes	NA	145679320	FALSE
Macaca_mulatta	153388924	chrX	chrX	153388924	FALSE
Macaca_mulatta	169868564	autosomes	NA	169868564	FALSE
Macaca_mulatta	169963040	autosomes	NA	169963040	FALSE
Macaca_mulatta	179085566	autosomes	NA	179085566	FALSE
Macaca_mulatta	185288947	autosomes	NA	185288947	FALSE
Macaca_mulatta	187317192	autosomes	NA	187317192	FALSE
Macaca_mulatta	196197964	autosomes	NA	196197964	FALSE
Macaca_mulatta	223616942	autosomes	NA	223616942	FALSE
Macaca_nemestrina	1e+06	autosomes	NA	50283601	TRUE
Macaca_nemestrina	1e+06	chrX	chrX	557167	TRUE
Macaca_nemestrina	1e+06	chrY	chrY	495723	TRUE
Macaca_nemestrina	1028371	autosomes	NA	1028371	FALSE
Macaca_nemestrina	1046652	autosomes	NA	1046652	FALSE
Macaca_nemestrina	1114335	autosomes	NA	1114335	FALSE
Macaca_nemestrina	1116256	autosomes	NA	1116256	FALSE
Macaca_nemestrina	18418642	chrY	chrY	18418642	FALSE
Macaca_nemestrina	68621529	autosomes	NA	68621529	FALSE
Macaca_nemestrina	84033291	autosomes	NA	84033291	FALSE
Macaca_nemestrina	88956647	autosomes	NA	88956647	FALSE
Macaca_nemestrina	92152283	autosomes	NA	92152283	FALSE
Macaca_nemestrina	105885118	autosomes	NA	105885118	FALSE
Macaca_nemestrina	118469430	autosomes	NA	118469430	FALSE
Macaca_nemestrina	119675470	autosomes	NA	119675470	FALSE
Macaca_nemestrina	122685455	autosomes	NA	122685455	FALSE
Macaca_nemestrina	134121798	autosomes	NA	134121798	FALSE
Macaca_nemestrina	140692836	autosomes	NA	140692836	FALSE
Macaca_nemestrina	143912906	autosomes	NA	143912906	FALSE
Macaca_nemestrina	144533704	autosomes	NA	144533704	FALSE
Macaca_nemestrina	154799650	autosomes	NA	154799650	FALSE
Macaca_nemestrina	159757195	chrX	chrX	159757195	FALSE
Macaca_nemestrina	179313751	autosomes	NA	179313751	FALSE
Macaca_nemestrina	181228022	autosomes	NA	181228022	FALSE
Macaca_nemestrina	184146409	autosomes	NA	184146409	FALSE
Macaca_nemestrina	189967907	autosomes	NA	189967907	FALSE
Macaca_nemestrina	192017243	autosomes	NA	192017243	FALSE
Macaca_nemestrina	203902748	autosomes	NA	203902748	FALSE
Macaca_nemestrina	233354531	autosomes	NA	233354531	FALSE
Macaca_thibetana	1e+06	autosomes	NA	11869839	TRUE
Macaca_thibetana	13980984	chrY	chrY	13980984	FALSE
Macaca_thibetana	56679013	autosomes	NA	56679013	FALSE
Macaca_thibetana	72771733	autosomes	NA	72771733	FALSE
Macaca_thibetana	75716955	autosomes	NA	75716955	FALSE
Macaca_thibetana	77953001	autosomes	NA	77953001	FALSE
Macaca_thibetana	93559444	autosomes	NA	93559444	FALSE
Macaca_thibetana	96753397	autosomes	NA	96753397	FALSE
Macaca_thibetana	107078569	autosomes	NA	107078569	FALSE
Macaca_thibetana	110318000	autosomes	NA	110318000	FALSE
Macaca_thibetana	126288235	autosomes	NA	126288235	FALSE
Macaca_thibetana	128411040	autosomes	NA	128411040	FALSE
Macaca_thibetana	129602141	autosomes	NA	129602141	FALSE
Macaca_thibetana	129816729	autosomes	NA	129816729	FALSE
Macaca_thibetana	142076180	autosomes	NA	142076180	FALSE
Macaca_thibetana	150623419	chrX	chrX	150623419	FALSE
Macaca_thibetana	167492677	autosomes	NA	167492677	FALSE
Macaca_thibetana	168803367	autosomes	NA	168803367	FALSE
Macaca_thibetana	176721289	autosomes	NA	176721289	FALSE
Macaca_thibetana	185122172	autosomes	NA	185122172	FALSE
Macaca_thibetana	185943000	autosomes	NA	185943000	FALSE
Macaca_thibetana	194429148	autosomes	NA	194429148	FALSE
Macaca_thibetana	220358725	autosomes	NA	220358725	FALSE
Mandrillus_sphinx	1e+06	autosomes	NA	36464580	TRUE
Mandrillus_sphinx	1262968	chrY	NA	1262968	FALSE
Mandrillus_sphinx	56142562	autosomes	NA	56142562	FALSE
Mandrillus_sphinx	73149519	autosomes	NA	73149519	FALSE
Mandrillus_sphinx	77025339	autosomes	NA	77025339	FALSE
Mandrillus_sphinx	77458706	autosomes	NA	77458706	FALSE
Mandrillus_sphinx	93123932	autosomes	NA	93123932	FALSE
Mandrillus_sphinx	95302870	autosomes	NA	95302870	FALSE
Mandrillus_sphinx	110284280	autosomes	NA	110284280	FALSE
Mandrillus_sphinx	111816695	autosomes	NA	111816695	FALSE
Mandrillus_sphinx	125457661	autosomes	NA	125457661	FALSE
Mandrillus_sphinx	128880176	autosomes	NA	128880176	FALSE
Mandrillus_sphinx	128905715	autosomes	NA	128905715	FALSE
Mandrillus_sphinx	130959088	autosomes	NA	130959088	FALSE
Mandrillus_sphinx	143010494	autosomes	NA	143010494	FALSE
Mandrillus_sphinx	149088477	chrX	NA	149088477	FALSE
Mandrillus_sphinx	167651181	autosomes	NA	167651181	FALSE
Mandrillus_sphinx	169382458	autosomes	NA	169382458	FALSE
Mandrillus_sphinx	176838327	autosomes	NA	176838327	FALSE
Mandrillus_sphinx	186190614	autosomes	NA	186190614	FALSE
Mandrillus_sphinx	186411743	autosomes	NA	186411743	FALSE
Mandrillus_sphinx	194742224	autosomes	NA	194742224	FALSE
Mandrillus_sphinx	224375189	autosomes	NA	224375189	FALSE
Microcebus_murinus	1e+06	autosomes	NA	33139305	TRUE
Microcebus_murinus	1e+06	chrX	chrX	815015	TRUE
Microcebus_murinus	1327788	autosomes	NA	1327788	FALSE
Microcebus_murinus	1445509	autosomes	NA	1445509	FALSE
Microcebus_murinus	1582115	autosomes	NA	1582115	FALSE
Microcebus_murinus	2681363	autosomes	NA	2681363	FALSE
Microcebus_murinus	3286835	autosomes	NA	3286835	FALSE
Microcebus_murinus	3402744	autosomes	NA	3402744	FALSE
Microcebus_murinus	9149476	autosomes	NA	9149476	FALSE
Microcebus_murinus	12211143	autosomes	NA	12211143	FALSE
Microcebus_murinus	12810044	autosomes	NA	12810044	FALSE
Microcebus_murinus	15088824	autosomes	NA	15088824	FALSE
Microcebus_murinus	23278169	autosomes	NA	23278169	FALSE
Microcebus_murinus	28148801	autosomes	NA	28148801	FALSE
Microcebus_murinus	29216678	autosomes	NA	29216678	FALSE
Microcebus_murinus	30143674	autosomes	NA	30143674	FALSE
Microcebus_murinus	31815103	autosomes	NA	31815103	FALSE
Microcebus_murinus	33087545	autosomes	NA	33087545	FALSE
Microcebus_murinus	36798880	autosomes	NA	36798880	FALSE
Microcebus_murinus	47401472	autosomes	NA	47401472	FALSE
Microcebus_murinus	57149010	autosomes	NA	57149010	FALSE
Microcebus_murinus	60697988	autosomes	NA	60697988	FALSE
Microcebus_murinus	65901067	autosomes	NA	65901067	FALSE
Microcebus_murinus	72247402	autosomes	NA	72247402	FALSE
Microcebus_murinus	73916538	autosomes	NA	73916538	FALSE
Microcebus_murinus	77693121	autosomes	NA	77693121	FALSE
Microcebus_murinus	83067054	autosomes	NA	83067054	FALSE
Microcebus_murinus	86920293	autosomes	NA	86920293	FALSE
Microcebus_murinus	93316391	autosomes	NA	93316391	FALSE
Microcebus_murinus	98468360	autosomes	NA	98468360	FALSE
Microcebus_murinus	108143057	autosomes	NA	108143057	FALSE
Microcebus_murinus	108171978	autosomes	NA	108171978	FALSE
Microcebus_murinus	108226025	autosomes	NA	108226025	FALSE
Microcebus_murinus	114275543	autosomes	NA	114275543	FALSE
Microcebus_murinus	116334831	autosomes	NA	116334831	FALSE
Microcebus_murinus	116768492	autosomes	NA	116768492	FALSE
Microcebus_murinus	119751181	autosomes	NA	119751181	FALSE
Microcebus_murinus	123392446	autosomes	NA	123392446	FALSE
Microcebus_murinus	141296404	autosomes	NA	141296404	FALSE
Microcebus_murinus	144923918	chrX	chrX	144923918	FALSE
Microcebus_murinus	159902609	autosomes	NA	159902609	FALSE
Miopithecus_talapoin	1e+06	autosomes	NA	171878523	TRUE
Miopithecus_talapoin	8666118	chrY	NA	8666118	FALSE
Miopithecus_talapoin	32000498	autosomes	NA	32000498	FALSE
Miopithecus_talapoin	46000520	autosomes	NA	46000520	FALSE
Miopithecus_talapoin	55025232	autosomes	NA	55025232	FALSE
Miopithecus_talapoin	60110779	autosomes	NA	60110779	FALSE
Miopithecus_talapoin	68172453	autosomes	NA	68172453	FALSE
Miopithecus_talapoin	69019202	autosomes	NA	69019202	FALSE
Miopithecus_talapoin	70362963	autosomes	NA	70362963	FALSE
Miopithecus_talapoin	71910203	autosomes	NA	71910203	FALSE
Miopithecus_talapoin	80382059	autosomes	NA	80382059	FALSE
Miopithecus_talapoin	80996312	autosomes	NA	80996312	FALSE
Miopithecus_talapoin	86645459	autosomes	NA	86645459	FALSE
Miopithecus_talapoin	86738935	autosomes	NA	86738935	FALSE
Miopithecus_talapoin	86776058	autosomes	NA	86776058	FALSE
Miopithecus_talapoin	89037973	autosomes	NA	89037973	FALSE
Miopithecus_talapoin	94678720	autosomes	NA	94678720	FALSE
Miopithecus_talapoin	99916881	autosomes	NA	99916881	FALSE
Miopithecus_talapoin	102184622	autosomes	NA	102184622	FALSE
Miopithecus_talapoin	102377195	autosomes	NA	102377195	FALSE
Miopithecus_talapoin	117700120	autosomes	NA	117700120	FALSE
Miopithecus_talapoin	121122219	autosomes	NA	121122219	FALSE
Miopithecus_talapoin	121620345	autosomes	NA	121620345	FALSE
Miopithecus_talapoin	121757690	autosomes	NA	121757690	FALSE
Miopithecus_talapoin	126157704	autosomes	NA	126157704	FALSE
Miopithecus_talapoin	132649807	autosomes	NA	132649807	FALSE
Miopithecus_talapoin	133836190	chrX	NA	133836190	FALSE
Miopithecus_talapoin	166458089	autosomes	NA	166458089	FALSE
Miopithecus_talapoin	173395024	autosomes	NA	173395024	FALSE
Nasalis_larvatus	1e+06	autosomes	NA	9748370	TRUE
Nasalis_larvatus	60761253	autosomes	NA	60761253	FALSE
Nasalis_larvatus	73632948	autosomes	NA	73632948	FALSE
Nasalis_larvatus	73962757	autosomes	NA	73962757	FALSE
Nasalis_larvatus	74392128	autosomes	NA	74392128	FALSE
Nasalis_larvatus	81098226	autosomes	NA	81098226	FALSE
Nasalis_larvatus	85778134	autosomes	NA	85778134	FALSE
Nasalis_larvatus	88397919	autosomes	NA	88397919	FALSE
Nasalis_larvatus	93284589	autosomes	NA	93284589	FALSE
Nasalis_larvatus	96477449	autosomes	NA	96477449	FALSE
Nasalis_larvatus	99841183	autosomes	NA	99841183	FALSE
Nasalis_larvatus	117142982	autosomes	NA	117142982	FALSE
Nasalis_larvatus	117179943	autosomes	NA	117179943	FALSE
Nasalis_larvatus	128176951	autosomes	NA	128176951	FALSE
Nasalis_larvatus	130494735	autosomes	NA	130494735	FALSE
Nasalis_larvatus	133489124	autosomes	NA	133489124	FALSE
Nasalis_larvatus	135457967	autosomes	NA	135457967	FALSE
Nasalis_larvatus	136494831	autosomes	NA	136494831	FALSE
Nasalis_larvatus	152358370	autosomes	NA	152358370	FALSE
Nasalis_larvatus	153510232	autosomes	NA	153510232	FALSE
Nasalis_larvatus	160731381	autosomes	NA	160731381	FALSE
Nasalis_larvatus	167563589	chrX	NA	167563589	FALSE
Nasalis_larvatus	188808048	autosomes	NA	188808048	FALSE
Nasalis_larvatus	192652064	autosomes	NA	192652064	FALSE
Nasalis_larvatus	198656150	autosomes	NA	198656150	FALSE
Nomascus_leucogenys	1e+06	autosomes	NA	100534466	TRUE
Nomascus_leucogenys	1011705	autosomes	NA	1011705	FALSE
Nomascus_leucogenys	1691275	autosomes	NA	1691275	FALSE
Nomascus_leucogenys	2217251	autosomes	NA	2217251	FALSE
Nomascus_leucogenys	3265213	autosomes	NA	3265213	FALSE
Nomascus_leucogenys	3854898	autosomes	NA	3854898	FALSE
Nomascus_leucogenys	4283975	autosomes	NA	4283975	FALSE
Nomascus_leucogenys	5731653	autosomes	NA	5731653	FALSE
Nomascus_leucogenys	29689981	autosomes	NA	29689981	FALSE
Nomascus_leucogenys	31549279	autosomes	NA	31549279	FALSE
Nomascus_leucogenys	34473784	autosomes	NA	34473784	FALSE
Nomascus_leucogenys	77458999	autosomes	NA	77458999	FALSE
Nomascus_leucogenys	82859782	autosomes	NA	82859782	FALSE
Nomascus_leucogenys	83606217	autosomes	NA	83606217	FALSE
Nomascus_leucogenys	93002606	autosomes	NA	93002606	FALSE
Nomascus_leucogenys	94852167	autosomes	NA	94852167	FALSE
Nomascus_leucogenys	95763020	autosomes	NA	95763020	FALSE
Nomascus_leucogenys	100286876	autosomes	NA	100286876	FALSE
Nomascus_leucogenys	103066776	autosomes	NA	103066776	FALSE
Nomascus_leucogenys	106591116	autosomes	NA	106591116	FALSE
Nomascus_leucogenys	107395155	autosomes	NA	107395155	FALSE
Nomascus_leucogenys	107515305	autosomes	NA	107515305	FALSE
Nomascus_leucogenys	108380097	autosomes	NA	108380097	FALSE
Nomascus_leucogenys	110100252	autosomes	NA	110100252	FALSE
Nomascus_leucogenys	113958799	autosomes	NA	113958799	FALSE
Nomascus_leucogenys	115106850	autosomes	NA	115106850	FALSE
Nomascus_leucogenys	119215260	autosomes	NA	119215260	FALSE
Nomascus_leucogenys	120667183	autosomes	NA	120667183	FALSE
Nomascus_leucogenys	140329754	autosomes	NA	140329754	FALSE
Nomascus_leucogenys	140746522	chrX	chrX	140746522	FALSE
Nomascus_leucogenys	142313534	autosomes	NA	142313534	FALSE
Nomascus_leucogenys	150142476	autosomes	NA	150142476	FALSE
Nomascus_leucogenys	156076922	autosomes	NA	156076922	FALSE
Nomascus_leucogenys	156228797	autosomes	NA	156228797	FALSE
Nycticebus_coucang	1e+06	autosomes	NA	12432894	TRUE
Nycticebus_coucang	1091657	autosomes	NA	1091657	FALSE
Nycticebus_coucang	1165168	autosomes	NA	1165168	FALSE
Nycticebus_coucang	1254887	autosomes	NA	1254887	FALSE
Nycticebus_coucang	1307026	autosomes	NA	1307026	FALSE
Nycticebus_coucang	1421453	autosomes	NA	1421453	FALSE
Nycticebus_coucang	1560655	autosomes	NA	1560655	FALSE
Nycticebus_coucang	2074221	autosomes	NA	2074221	FALSE
Nycticebus_coucang	3184578	autosomes	NA	3184578	FALSE
Nycticebus_coucang	33060932	autosomes	NA	33060932	FALSE
Nycticebus_coucang	35646755	chrY	chrY	35646755	FALSE
Nycticebus_coucang	38949463	autosomes	NA	38949463	FALSE
Nycticebus_coucang	61455708	autosomes	NA	61455708	FALSE
Nycticebus_coucang	67625389	autosomes	NA	67625389	FALSE
Nycticebus_coucang	69287667	autosomes	NA	69287667	FALSE
Nycticebus_coucang	72490086	autosomes	NA	72490086	FALSE
Nycticebus_coucang	80579731	autosomes	NA	80579731	FALSE
Nycticebus_coucang	91048355	autosomes	NA	91048355	FALSE
Nycticebus_coucang	96499272	autosomes	NA	96499272	FALSE
Nycticebus_coucang	97885895	autosomes	NA	97885895	FALSE
Nycticebus_coucang	99988313	autosomes	NA	99988313	FALSE
Nycticebus_coucang	103192619	autosomes	NA	103192619	FALSE
Nycticebus_coucang	112708720	autosomes	NA	112708720	FALSE
Nycticebus_coucang	128238841	autosomes	NA	128238841	FALSE
Nycticebus_coucang	133885751	autosomes	NA	133885751	FALSE
Nycticebus_coucang	135917784	autosomes	NA	135917784	FALSE
Nycticebus_coucang	136588019	autosomes	NA	136588019	FALSE
Nycticebus_coucang	137715312	autosomes	NA	137715312	FALSE
Nycticebus_coucang	138330575	autosomes	NA	138330575	FALSE
Nycticebus_coucang	142425405	autosomes	NA	142425405	FALSE
Nycticebus_coucang	148538759	autosomes	NA	148538759	FALSE
Nycticebus_coucang	161203717	autosomes	NA	161203717	FALSE
Nycticebus_coucang	184820795	autosomes	NA	184820795	FALSE
Nycticebus_coucang	187328519	chrX	chrX	187328519	FALSE
Nycticebus_coucang	196249132	autosomes	NA	196249132	FALSE
Otolemur_crassicaudatus	1e+06	autosomes	NA	112962166	TRUE
Otolemur_crassicaudatus	19282564	autosomes	NA	19282564	FALSE
Otolemur_crassicaudatus	26759419	autosomes	NA	26759419	FALSE
Otolemur_crassicaudatus	26890500	autosomes	NA	26890500	FALSE
Otolemur_crassicaudatus	33122203	autosomes	NA	33122203	FALSE
Otolemur_crassicaudatus	36400928	autosomes	NA	36400928	FALSE
Otolemur_crassicaudatus	36557651	autosomes	NA	36557651	FALSE
Otolemur_crassicaudatus	48348149	autosomes	NA	48348149	FALSE
Otolemur_crassicaudatus	48430278	autosomes	NA	48430278	FALSE
Otolemur_crassicaudatus	50867775	autosomes	NA	50867775	FALSE
Otolemur_crassicaudatus	53075398	autosomes	NA	53075398	FALSE
Otolemur_crassicaudatus	62103965	autosomes	NA	62103965	FALSE
Otolemur_crassicaudatus	62770604	autosomes	NA	62770604	FALSE
Otolemur_crassicaudatus	71314220	autosomes	NA	71314220	FALSE
Otolemur_crassicaudatus	74159383	autosomes	NA	74159383	FALSE
Otolemur_crassicaudatus	76517762	autosomes	NA	76517762	FALSE
Otolemur_crassicaudatus	77734808	autosomes	NA	77734808	FALSE
Otolemur_crassicaudatus	80774861	autosomes	NA	80774861	FALSE
Otolemur_crassicaudatus	81831350	autosomes	NA	81831350	FALSE
Otolemur_crassicaudatus	85632820	autosomes	NA	85632820	FALSE
Otolemur_crassicaudatus	91872397	autosomes	NA	91872397	FALSE
Otolemur_crassicaudatus	92568784	autosomes	NA	92568784	FALSE
Otolemur_crassicaudatus	93195288	autosomes	NA	93195288	FALSE
Otolemur_crassicaudatus	95747468	autosomes	NA	95747468	FALSE
Otolemur_crassicaudatus	98644153	autosomes	NA	98644153	FALSE
Otolemur_crassicaudatus	107130807	autosomes	NA	107130807	FALSE
Otolemur_crassicaudatus	109090419	autosomes	NA	109090419	FALSE
Otolemur_crassicaudatus	119330460	autosomes	NA	119330460	FALSE
Otolemur_crassicaudatus	119613258	autosomes	NA	119613258	FALSE
Otolemur_crassicaudatus	123208900	autosomes	NA	123208900	FALSE
Otolemur_crassicaudatus	123543198	autosomes	NA	123543198	FALSE
Otolemur_crassicaudatus	133865904	chrX	NA	133865904	FALSE
Pan_paniscus	1e+06	autosomes	NA	397250	TRUE
Pan_paniscus	46954669	chrY	chrY	46954669	FALSE
Pan_paniscus	48483276	autosomes	NA	48483276	FALSE
Pan_paniscus	65052380	autosomes	NA	65052380	FALSE
Pan_paniscus	70721293	autosomes	NA	70721293	FALSE
Pan_paniscus	76791327	autosomes	NA	76791327	FALSE
Pan_paniscus	91859929	autosomes	NA	91859929	FALSE
Pan_paniscus	98270466	autosomes	NA	98270466	FALSE
Pan_paniscus	100427192	autosomes	NA	100427192	FALSE
Pan_paniscus	100792412	autosomes	NA	100792412	FALSE
Pan_paniscus	108452746	autosomes	NA	108452746	FALSE
Pan_paniscus	116126430	autosomes	NA	116126430	FALSE
Pan_paniscus	124758961	autosomes	NA	124758961	FALSE
Pan_paniscus	126551469	autosomes	NA	126551469	FALSE
Pan_paniscus	135750398	autosomes	NA	135750398	FALSE
Pan_paniscus	141815175	autosomes	NA	141815175	FALSE
Pan_paniscus	144872268	autosomes	NA	144872268	FALSE
Pan_paniscus	147028407	autosomes	NA	147028407	FALSE
Pan_paniscus	160241051	chrX	chrX	160241051	FALSE
Pan_paniscus	162793952	autosomes	NA	162793952	FALSE
Pan_paniscus	176551333	autosomes	NA	176551333	FALSE
Pan_paniscus	188614375	autosomes	NA	188614375	FALSE
Pan_paniscus	191151712	autosomes	NA	191151712	FALSE
Pan_paniscus	196309857	autosomes	NA	196309857	FALSE
Pan_paniscus	196431891	autosomes	NA	196431891	FALSE
Pan_paniscus	227705052	autosomes	NA	227705052	FALSE
Pan_troglodytes	1e+06	autosomes	NA	16554	TRUE
Pan_troglodytes	36447294	chrY	chrY	36447294	FALSE
Pan_troglodytes	51350302	autosomes	NA	51350302	FALSE
Pan_troglodytes	59520411	autosomes	NA	59520411	FALSE
Pan_troglodytes	68087067	autosomes	NA	68087067	FALSE
Pan_troglodytes	78115444	autosomes	NA	78115444	FALSE
Pan_troglodytes	90695042	autosomes	NA	90695042	FALSE
Pan_troglodytes	93846347	autosomes	NA	93846347	FALSE
Pan_troglodytes	94528409	autosomes	NA	94528409	FALSE
Pan_troglodytes	99595324	autosomes	NA	99595324	FALSE
Pan_troglodytes	104701121	autosomes	NA	104701121	FALSE
Pan_troglodytes	118863153	autosomes	NA	118863153	FALSE
Pan_troglodytes	120149342	autosomes	NA	120149342	FALSE
Pan_troglodytes	122853238	autosomes	NA	122853238	FALSE
Pan_troglodytes	136991367	autosomes	NA	136991367	FALSE
Pan_troglodytes	140160335	autosomes	NA	140160335	FALSE
Pan_troglodytes	144476839	autosomes	NA	144476839	FALSE
Pan_troglodytes	146288486	autosomes	NA	146288486	FALSE
Pan_troglodytes	153896354	chrX	chrX	153896354	FALSE
Pan_troglodytes	155691389	autosomes	NA	155691389	FALSE
Pan_troglodytes	174648847	autosomes	NA	174648847	FALSE
Pan_troglodytes	178964043	autosomes	NA	178964043	FALSE
Pan_troglodytes	183320697	autosomes	NA	183320697	FALSE
Pan_troglodytes	191670129	autosomes	NA	191670129	FALSE
Pan_troglodytes	201579334	autosomes	NA	201579334	FALSE
Pan_troglodytes	231299448	autosomes	NA	231299448	FALSE
Papio_anubis	1e+06	autosomes	NA	126344179	TRUE
Papio_anubis	8309886	chrY	chrY	8309886	FALSE
Papio_anubis	50021108	autosomes	NA	50021108	FALSE
Papio_anubis	72123344	autosomes	NA	72123344	FALSE
Papio_anubis	72894408	autosomes	NA	72894408	FALSE
Papio_anubis	74525926	autosomes	NA	74525926	FALSE
Papio_anubis	91184193	autosomes	NA	91184193	FALSE
Papio_anubis	91985775	autosomes	NA	91985775	FALSE
Papio_anubis	106654974	autosomes	NA	106654974	FALSE
Papio_anubis	106849001	autosomes	NA	106849001	FALSE
Papio_anubis	123343450	autosomes	NA	123343450	FALSE
Papio_anubis	125913696	autosomes	NA	125913696	FALSE
Papio_anubis	126462689	autosomes	NA	126462689	FALSE
Papio_anubis	127591819	autosomes	NA	127591819	FALSE
Papio_anubis	140274886	autosomes	NA	140274886	FALSE
Papio_anubis	142711496	chrX	chrX	142711496	FALSE
Papio_anubis	161768468	autosomes	NA	161768468	FALSE
Papio_anubis	167138247	autosomes	NA	167138247	FALSE
Papio_anubis	173900761	autosomes	NA	173900761	FALSE
Papio_anubis	182120902	autosomes	NA	182120902	FALSE
Papio_anubis	184919515	autosomes	NA	184919515	FALSE
Papio_anubis	193660750	autosomes	NA	193660750	FALSE
Papio_anubis	218172882	autosomes	NA	218172882	FALSE
Piliocolobus_tephrosceles	1e+06	autosomes	NA	175387431	TRUE
Piliocolobus_tephrosceles	1008884	autosomes	NA	1008884	FALSE
Piliocolobus_tephrosceles	1009020	autosomes	NA	1009020	FALSE
Piliocolobus_tephrosceles	1057844	autosomes	NA	1057844	FALSE
Piliocolobus_tephrosceles	1104831	autosomes	NA	1104831	FALSE
Piliocolobus_tephrosceles	1193359	autosomes	NA	1193359	FALSE
Piliocolobus_tephrosceles	1215996	autosomes	NA	1215996	FALSE
Piliocolobus_tephrosceles	1329472	autosomes	NA	1329472	FALSE
Piliocolobus_tephrosceles	1430376	autosomes	NA	1430376	FALSE
Piliocolobus_tephrosceles	2234508	autosomes	NA	2234508	FALSE
Piliocolobus_tephrosceles	2403823	autosomes	NA	2403823	FALSE
Piliocolobus_tephrosceles	2522537	autosomes	NA	2522537	FALSE
Piliocolobus_tephrosceles	3976239	autosomes	NA	3976239	FALSE
Piliocolobus_tephrosceles	3984523	autosomes	NA	3984523	FALSE
Piliocolobus_tephrosceles	26487807	chrY	chrY	26487807	FALSE
Piliocolobus_tephrosceles	52676213	autosomes	NA	52676213	FALSE
Piliocolobus_tephrosceles	58236580	autosomes	NA	58236580	FALSE
Piliocolobus_tephrosceles	69320834	autosomes	NA	69320834	FALSE
Piliocolobus_tephrosceles	73925647	autosomes	NA	73925647	FALSE
Piliocolobus_tephrosceles	74913260	autosomes	NA	74913260	FALSE
Piliocolobus_tephrosceles	77097864	autosomes	NA	77097864	FALSE
Piliocolobus_tephrosceles	95246109	autosomes	chrX	95246109	FALSE
Piliocolobus_tephrosceles	108208424	autosomes	NA	108208424	FALSE
Piliocolobus_tephrosceles	111442408	autosomes	NA	111442408	FALSE
Piliocolobus_tephrosceles	124059081	autosomes	NA	124059081	FALSE
Piliocolobus_tephrosceles	124784683	chrX	NA	124784683	FALSE
Piliocolobus_tephrosceles	128181973	autosomes	NA	128181973	FALSE
Piliocolobus_tephrosceles	130810358	autosomes	NA	130810358	FALSE
Piliocolobus_tephrosceles	131283114	autosomes	NA	131283114	FALSE
Piliocolobus_tephrosceles	147792934	autosomes	NA	147792934	FALSE
Piliocolobus_tephrosceles	148656448	autosomes	NA	148656448	FALSE
Piliocolobus_tephrosceles	163413076	autosomes	NA	163413076	FALSE
Piliocolobus_tephrosceles	168402060	autosomes	NA	168402060	FALSE
Piliocolobus_tephrosceles	178867606	autosomes	NA	178867606	FALSE
Piliocolobus_tephrosceles	184646964	autosomes	NA	184646964	FALSE
Piliocolobus_tephrosceles	193682385	autosomes	NA	193682385	FALSE
Piliocolobus_tephrosceles	221045333	autosomes	NA	221045333	FALSE
Pithecia_pithecia	1e+06	autosomes	NA	254300594	TRUE
Pithecia_pithecia	1035140	autosomes	NA	1035140	FALSE
Pithecia_pithecia	40188883	autosomes	NA	40188883	FALSE
Pithecia_pithecia	41534460	autosomes	NA	41534460	FALSE
Pithecia_pithecia	43431190	autosomes	NA	43431190	FALSE
Pithecia_pithecia	52281573	autosomes	NA	52281573	FALSE
Pithecia_pithecia	64770895	autosomes	NA	64770895	FALSE
Pithecia_pithecia	67173463	autosomes	NA	67173463	FALSE
Pithecia_pithecia	82658968	autosomes	NA	82658968	FALSE
Pithecia_pithecia	83946998	autosomes	NA	83946998	FALSE
Pithecia_pithecia	86407869	autosomes	NA	86407869	FALSE
Pithecia_pithecia	88318672	autosomes	NA	88318672	FALSE
Pithecia_pithecia	95387274	autosomes	NA	95387274	FALSE
Pithecia_pithecia	101604611	autosomes	NA	101604611	FALSE
Pithecia_pithecia	103980617	autosomes	NA	103980617	FALSE
Pithecia_pithecia	106397115	autosomes	NA	106397115	FALSE
Pithecia_pithecia	108767370	autosomes	NA	108767370	FALSE
Pithecia_pithecia	111852555	autosomes	NA	111852555	FALSE
Pithecia_pithecia	113617926	autosomes	NA	113617926	FALSE
Pithecia_pithecia	117534462	autosomes	NA	117534462	FALSE
Pithecia_pithecia	129401585	chrX	NA	129401585	FALSE
Pithecia_pithecia	132938456	autosomes	NA	132938456	FALSE
Pithecia_pithecia	144431753	autosomes	NA	144431753	FALSE
Pithecia_pithecia	146644557	autosomes	NA	146644557	FALSE
Pithecia_pithecia	161924264	autosomes	NA	161924264	FALSE
Pithecia_pithecia	176542185	autosomes	NA	176542185	FALSE
Plecturocebus_cupreus	1e+06	autosomes	NA	50174438	TRUE
Plecturocebus_cupreus	44717611	autosomes	NA	44717611	FALSE
Plecturocebus_cupreus	49373254	autosomes	NA	49373254	FALSE
Plecturocebus_cupreus	65768754	autosomes	NA	65768754	FALSE
Plecturocebus_cupreus	73180778	autosomes	NA	73180778	FALSE
Plecturocebus_cupreus	73432007	autosomes	NA	73432007	FALSE
Plecturocebus_cupreus	75878286	autosomes	NA	75878286	FALSE
Plecturocebus_cupreus	91752637	autosomes	NA	91752637	FALSE
Plecturocebus_cupreus	92880398	autosomes	NA	92880398	FALSE
Plecturocebus_cupreus	94172006	autosomes	NA	94172006	FALSE
Plecturocebus_cupreus	95533141	autosomes	NA	95533141	FALSE
Plecturocebus_cupreus	101234152	autosomes	NA	101234152	FALSE
Plecturocebus_cupreus	116834941	autosomes	NA	116834941	FALSE
Plecturocebus_cupreus	118029634	autosomes	NA	118029634	FALSE
Plecturocebus_cupreus	123740199	autosomes	NA	123740199	FALSE
Plecturocebus_cupreus	130776705	autosomes	NA	130776705	FALSE
Plecturocebus_cupreus	135512294	autosomes	NA	135512294	FALSE
Plecturocebus_cupreus	137505135	chrX	chrX	137505135	FALSE
Plecturocebus_cupreus	150993727	autosomes	NA	150993727	FALSE
Plecturocebus_cupreus	151623469	autosomes	NA	151623469	FALSE
Plecturocebus_cupreus	158738102	autosomes	NA	158738102	FALSE
Plecturocebus_cupreus	165937890	autosomes	NA	165937890	FALSE
Plecturocebus_cupreus	231176762	autosomes	NA	231176762	FALSE
Plecturocebus_cupreus	235103535	autosomes	NA	235103535	FALSE
Pongo_abelii	1e+06	autosomes	NA	785881	TRUE
Pongo_abelii	57143103	autosomes	NA	57143103	FALSE
Pongo_abelii	57593421	autosomes	NA	57593421	FALSE
Pongo_abelii	65400147	autosomes	NA	65400147	FALSE
Pongo_abelii	67827326	chrY	chrY	67827326	FALSE
Pongo_abelii	68750668	autosomes	NA	68750668	FALSE
Pongo_abelii	89553113	autosomes	NA	89553113	FALSE
Pongo_abelii	95460129	autosomes	NA	95460129	FALSE
Pongo_abelii	98669288	autosomes	NA	98669288	FALSE
Pongo_abelii	105333845	autosomes	NA	105333845	FALSE
Pongo_abelii	111741659	autosomes	NA	111741659	FALSE
Pongo_abelii	120579848	autosomes	NA	120579848	FALSE
Pongo_abelii	129618170	autosomes	NA	129618170	FALSE
Pongo_abelii	132281717	autosomes	NA	132281717	FALSE
Pongo_abelii	133183124	autosomes	NA	133183124	FALSE
Pongo_abelii	138471021	autosomes	NA	138471021	FALSE
Pongo_abelii	140854135	autosomes	NA	140854135	FALSE
Pongo_abelii	146197178	autosomes	NA	146197178	FALSE
Pongo_abelii	156966991	autosomes	NA	156966991	FALSE
Pongo_abelii	161631396	autosomes	NA	161631396	FALSE
Pongo_abelii	162586321	chrX	chrX	162586321	FALSE
Pongo_abelii	172605363	autosomes	NA	172605363	FALSE
Pongo_abelii	190378904	autosomes	NA	190378904	FALSE
Pongo_abelii	209544987	autosomes	NA	209544987	FALSE
Pongo_abelii	212916775	autosomes	NA	212916775	FALSE
Pongo_abelii	233795519	autosomes	NA	233795519	FALSE
Pongo_pygmaeus	1e+06	autosomes	NA	16389	TRUE
Pongo_pygmaeus	49419398	chrY	chrY	49419398	FALSE
Pongo_pygmaeus	59678711	autosomes	NA	59678711	FALSE
Pongo_pygmaeus	62059721	autosomes	NA	62059721	FALSE
Pongo_pygmaeus	65241172	autosomes	NA	65241172	FALSE
Pongo_pygmaeus	67026804	autosomes	NA	67026804	FALSE
Pongo_pygmaeus	87425153	autosomes	NA	87425153	FALSE
Pongo_pygmaeus	95557242	autosomes	NA	95557242	FALSE
Pongo_pygmaeus	101496854	autosomes	NA	101496854	FALSE
Pongo_pygmaeus	106409199	autosomes	NA	106409199	FALSE
Pongo_pygmaeus	107891546	autosomes	NA	107891546	FALSE
Pongo_pygmaeus	124308952	autosomes	NA	124308952	FALSE
Pongo_pygmaeus	128999004	autosomes	NA	128999004	FALSE
Pongo_pygmaeus	132184685	autosomes	NA	132184685	FALSE
Pongo_pygmaeus	134313182	autosomes	NA	134313182	FALSE
Pongo_pygmaeus	137033130	autosomes	NA	137033130	FALSE
Pongo_pygmaeus	139209255	autosomes	NA	139209255	FALSE
Pongo_pygmaeus	143261986	autosomes	NA	143261986	FALSE
Pongo_pygmaeus	158152001	autosomes	NA	158152001	FALSE
Pongo_pygmaeus	158534780	autosomes	NA	158534780	FALSE
Pongo_pygmaeus	160969493	chrX	chrX	160969493	FALSE
Pongo_pygmaeus	171334878	autosomes	NA	171334878	FALSE
Pongo_pygmaeus	186348328	autosomes	NA	186348328	FALSE
Pongo_pygmaeus	203829688	autosomes	NA	203829688	FALSE
Pongo_pygmaeus	209442601	autosomes	NA	209442601	FALSE
Pongo_pygmaeus	230807400	autosomes	NA	230807400	FALSE
Propithecus_coquereli	1e+06	autosomes	NA	195447738	TRUE
Propithecus_coquereli	4019529	autosomes	NA	4019529	FALSE
Propithecus_coquereli	20364576	autosomes	NA	20364576	FALSE
Propithecus_coquereli	22286952	autosomes	NA	22286952	FALSE
Propithecus_coquereli	28628040	autosomes	NA	28628040	FALSE
Propithecus_coquereli	29562311	autosomes	NA	29562311	FALSE
Propithecus_coquereli	35385170	autosomes	NA	35385170	FALSE
Propithecus_coquereli	37827535	autosomes	NA	37827535	FALSE
Propithecus_coquereli	40542725	autosomes	NA	40542725	FALSE
Propithecus_coquereli	46802177	autosomes	NA	46802177	FALSE
Propithecus_coquereli	55530437	autosomes	NA	55530437	FALSE
Propithecus_coquereli	70771497	autosomes	NA	70771497	FALSE
Propithecus_coquereli	82672733	autosomes	NA	82672733	FALSE
Propithecus_coquereli	92642870	autosomes	NA	92642870	FALSE
Propithecus_coquereli	118201535	autosomes	NA	118201535	FALSE
Propithecus_coquereli	124603020	autosomes	NA	124603020	FALSE
Propithecus_coquereli	125116096	autosomes	NA	125116096	FALSE
Propithecus_coquereli	126983340	autosomes	NA	126983340	FALSE
Propithecus_coquereli	136907694	chrX	NA	136907694	FALSE
Propithecus_coquereli	148766566	autosomes	NA	148766566	FALSE
Propithecus_coquereli	153792026	autosomes	NA	153792026	FALSE
Propithecus_coquereli	226774602	autosomes	NA	226774602	FALSE
Propithecus_coquereli	248901411	autosomes	NA	248901411	FALSE
Propithecus_coquereli	255974392	autosomes	NA	255974392	FALSE
Propithecus_coquereli	367181409	autosomes	NA	367181409	FALSE
Rhinopithecus_roxellana	1e+06	autosomes	NA	74343137	TRUE
Rhinopithecus_roxellana	15569616	chrY	NA	15569616	FALSE
Rhinopithecus_roxellana	81002553	autosomes	NA	81002553	FALSE
Rhinopithecus_roxellana	82173002	autosomes	NA	82173002	FALSE
Rhinopithecus_roxellana	83045532	autosomes	NA	83045532	FALSE
Rhinopithecus_roxellana	99605074	autosomes	NA	99605074	FALSE
Rhinopithecus_roxellana	116895751	autosomes	NA	116895751	FALSE
Rhinopithecus_roxellana	118350466	autosomes	NA	118350466	FALSE
Rhinopithecus_roxellana	130852392	autosomes	NA	130852392	FALSE
Rhinopithecus_roxellana	135203321	autosomes	NA	135203321	FALSE
Rhinopithecus_roxellana	135287999	autosomes	NA	135287999	FALSE
Rhinopithecus_roxellana	136711189	autosomes	NA	136711189	FALSE
Rhinopithecus_roxellana	141075955	autosomes	NA	141075955	FALSE
Rhinopithecus_roxellana	142951011	autosomes	NA	142951011	FALSE
Rhinopithecus_roxellana	144559847	autosomes	NA	144559847	FALSE
Rhinopithecus_roxellana	145729886	autosomes	NA	145729886	FALSE
Rhinopithecus_roxellana	154578354	chrX	NA	154578354	FALSE
Rhinopithecus_roxellana	156498330	autosomes	NA	156498330	FALSE
Rhinopithecus_roxellana	177574763	autosomes	NA	177574763	FALSE
Rhinopithecus_roxellana	178837623	autosomes	NA	178837623	FALSE
Rhinopithecus_roxellana	185537619	autosomes	NA	185537619	FALSE
Rhinopithecus_roxellana	195417433	autosomes	NA	195417433	FALSE
Rhinopithecus_roxellana	206558726	autosomes	NA	206558726	FALSE
Saguinus_oedipus	1e+06	autosomes	NA	58978488	TRUE
Saguinus_oedipus	1025255	chrY	NA	1025255	FALSE
Saguinus_oedipus	1061235	autosomes	NA	1061235	FALSE
Saguinus_oedipus	1072965	autosomes	NA	1072965	FALSE
Saguinus_oedipus	1075608	autosomes	NA	1075608	FALSE
Saguinus_oedipus	1079559	autosomes	NA	1079559	FALSE
Saguinus_oedipus	1113591	autosomes	NA	1113591	FALSE
Saguinus_oedipus	1115451	autosomes	NA	1115451	FALSE
Saguinus_oedipus	1185917	autosomes	NA	1185917	FALSE
Saguinus_oedipus	1195111	autosomes	NA	1195111	FALSE
Saguinus_oedipus	1197326	autosomes	NA	1197326	FALSE
Saguinus_oedipus	1266597	chrY	NA	1266597	FALSE
Saguinus_oedipus	1293307	autosomes	NA	1293307	FALSE
Saguinus_oedipus	1295762	autosomes	NA	1295762	FALSE
Saguinus_oedipus	1331643	chrY	NA	1331643	FALSE
Saguinus_oedipus	1346221	autosomes	NA	1346221	FALSE
Saguinus_oedipus	1423766	autosomes	NA	1423766	FALSE
Saguinus_oedipus	1516190	autosomes	NA	1516190	FALSE
Saguinus_oedipus	1734753	autosomes	NA	1734753	FALSE
Saguinus_oedipus	1810877	autosomes	NA	1810877	FALSE
Saguinus_oedipus	1810916	autosomes	NA	1810916	FALSE
Saguinus_oedipus	1823234	autosomes	NA	1823234	FALSE
Saguinus_oedipus	1855025	autosomes	NA	1855025	FALSE
Saguinus_oedipus	1911706	autosomes	NA	1911706	FALSE
Saguinus_oedipus	1916129	chrY	NA	1916129	FALSE
Saguinus_oedipus	1969026	chrY	NA	1969026	FALSE
Saguinus_oedipus	1974306	autosomes	NA	1974306	FALSE
Saguinus_oedipus	2097141	autosomes	NA	2097141	FALSE
Saguinus_oedipus	2230284	autosomes	NA	2230284	FALSE
Saguinus_oedipus	2315562	autosomes	NA	2315562	FALSE
Saguinus_oedipus	2450453	autosomes	NA	2450453	FALSE
Saguinus_oedipus	2468567	autosomes	NA	2468567	FALSE
Saguinus_oedipus	2493896	chrY	NA	2493896	FALSE
Saguinus_oedipus	2511503	autosomes	NA	2511503	FALSE
Saguinus_oedipus	2582871	autosomes	NA	2582871	FALSE
Saguinus_oedipus	2650336	autosomes	NA	2650336	FALSE
Saguinus_oedipus	2696106	autosomes	NA	2696106	FALSE
Saguinus_oedipus	2813190	autosomes	NA	2813190	FALSE
Saguinus_oedipus	3269684	autosomes	NA	3269684	FALSE
Saguinus_oedipus	3592229	chrY	NA	3592229	FALSE
Saguinus_oedipus	3795095	autosomes	NA	3795095	FALSE
Saguinus_oedipus	3840953	autosomes	NA	3840953	FALSE
Saguinus_oedipus	4032774	autosomes	NA	4032774	FALSE
Saguinus_oedipus	4053976	autosomes	NA	4053976	FALSE
Saguinus_oedipus	4087349	chrY	NA	4087349	FALSE
Saguinus_oedipus	4135219	autosomes	NA	4135219	FALSE
Saguinus_oedipus	4140405	chrY	NA	4140405	FALSE
Saguinus_oedipus	4589836	autosomes	NA	4589836	FALSE
Saguinus_oedipus	4655774	autosomes	NA	4655774	FALSE
Saguinus_oedipus	5446101	autosomes	NA	5446101	FALSE
Saguinus_oedipus	6499004	autosomes	NA	6499004	FALSE
Saguinus_oedipus	7336903	autosomes	NA	7336903	FALSE
Saguinus_oedipus	7744869	autosomes	NA	7744869	FALSE
Saguinus_oedipus	8879613	autosomes	NA	8879613	FALSE
Saguinus_oedipus	9033012	autosomes	NA	9033012	FALSE
Saguinus_oedipus	10084550	autosomes	NA	10084550	FALSE
Saguinus_oedipus	11491788	chrY	NA	11491788	FALSE
Saguinus_oedipus	46938867	autosomes	NA	46938867	FALSE
Saguinus_oedipus	49308987	autosomes	NA	49308987	FALSE
Saguinus_oedipus	52871640	autosomes	NA	52871640	FALSE
Saguinus_oedipus	59395345	autosomes	NA	59395345	FALSE
Saguinus_oedipus	71357724	autosomes	NA	71357724	FALSE
Saguinus_oedipus	74224797	autosomes	NA	74224797	FALSE
Saguinus_oedipus	97770393	autosomes	NA	97770393	FALSE
Saguinus_oedipus	116742956	autosomes	NA	116742956	FALSE
Saguinus_oedipus	120570710	autosomes	NA	120570710	FALSE
Saguinus_oedipus	127785966	autosomes	NA	127785966	FALSE
Saguinus_oedipus	136627872	autosomes	NA	136627872	FALSE
Saguinus_oedipus	139585134	autosomes	NA	139585134	FALSE
Saguinus_oedipus	141563164	autosomes	NA	141563164	FALSE
Saguinus_oedipus	142236838	autosomes	NA	142236838	FALSE
Saguinus_oedipus	148490209	chrX	chrX	148490209	FALSE
Saguinus_oedipus	149702897	autosomes	NA	149702897	FALSE
Saguinus_oedipus	159943534	autosomes	NA	159943534	FALSE
Saguinus_oedipus	172871998	autosomes	NA	172871998	FALSE
Saguinus_oedipus	177449426	autosomes	NA	177449426	FALSE
Saguinus_oedipus	180572281	autosomes	NA	180572281	FALSE
Saguinus_oedipus	200616726	autosomes	NA	200616726	FALSE
Saguinus_oedipus	213279421	autosomes	NA	213279421	FALSE
Saguinus_oedipus	225892097	autosomes	NA	225892097	FALSE
Saimiri_boliviensis	1e+06	autosomes	NA	35043139	TRUE
Saimiri_boliviensis	12486790	autosomes	NA	12486790	FALSE
Saimiri_boliviensis	12744326	autosomes	NA	12744326	FALSE
Saimiri_boliviensis	16086755	autosomes	NA	16086755	FALSE
Saimiri_boliviensis	16554770	autosomes	NA	16554770	FALSE
Saimiri_boliviensis	19614092	autosomes	NA	19614092	FALSE
Saimiri_boliviensis	19899261	autosomes	NA	19899261	FALSE
Saimiri_boliviensis	20257612	autosomes	NA	20257612	FALSE
Saimiri_boliviensis	21213199	autosomes	NA	21213199	FALSE
Saimiri_boliviensis	21751719	autosomes	NA	21751719	FALSE
Saimiri_boliviensis	21948824	autosomes	NA	21948824	FALSE
Saimiri_boliviensis	22278472	autosomes	NA	22278472	FALSE
Saimiri_boliviensis	27584172	autosomes	NA	27584172	FALSE
Saimiri_boliviensis	28529091	autosomes	NA	28529091	FALSE
Saimiri_boliviensis	29402959	autosomes	NA	29402959	FALSE
Saimiri_boliviensis	38947808	autosomes	NA	38947808	FALSE
Saimiri_boliviensis	41890688	autosomes	NA	41890688	FALSE
Saimiri_boliviensis	43202129	autosomes	NA	43202129	FALSE
Saimiri_boliviensis	46362866	autosomes	NA	46362866	FALSE
Saimiri_boliviensis	46837313	autosomes	NA	46837313	FALSE
Saimiri_boliviensis	52127574	autosomes	NA	52127574	FALSE
Saimiri_boliviensis	55047559	chrX	NA	55047559	FALSE
Saimiri_boliviensis	55880061	autosomes	NA	55880061	FALSE
Saimiri_boliviensis	55967061	autosomes	NA	55967061	FALSE
Saimiri_boliviensis	58393283	autosomes	NA	58393283	FALSE
Saimiri_boliviensis	61064822	autosomes	NA	61064822	FALSE
Saimiri_boliviensis	62713706	autosomes	NA	62713706	FALSE
Saimiri_boliviensis	65576406	autosomes	NA	65576406	FALSE
Saimiri_boliviensis	71224666	autosomes	NA	71224666	FALSE
Saimiri_boliviensis	71388127	autosomes	NA	71388127	FALSE
Saimiri_boliviensis	80614091	chrX	NA	80614091	FALSE
Saimiri_boliviensis	81873178	autosomes	NA	81873178	FALSE
Saimiri_boliviensis	87238321	autosomes	NA	87238321	FALSE
Saimiri_boliviensis	87584039	autosomes	NA	87584039	FALSE
Saimiri_boliviensis	90169907	autosomes	NA	90169907	FALSE
Saimiri_boliviensis	98369256	autosomes	NA	98369256	FALSE
Saimiri_boliviensis	102333864	autosomes	NA	102333864	FALSE
Saimiri_boliviensis	102972036	autosomes	NA	102972036	FALSE
Saimiri_boliviensis	103279442	autosomes	NA	103279442	FALSE
Saimiri_boliviensis	108788642	autosomes	NA	108788642	FALSE
Saimiri_boliviensis	121099817	autosomes	NA	121099817	FALSE
Saimiri_boliviensis	134800964	autosomes	NA	134800964	FALSE
Saimiri_boliviensis	147859345	autosomes	NA	147859345	FALSE
Saimiri_boliviensis	151810504	autosomes	NA	151810504	FALSE
Sapajus_apella	1e+06	autosomes	NA	144444752	TRUE
Sapajus_apella	1005035	autosomes	NA	1005035	FALSE
Sapajus_apella	1027833	autosomes	NA	1027833	FALSE
Sapajus_apella	1052355	autosomes	NA	1052355	FALSE
Sapajus_apella	1066810	autosomes	NA	1066810	FALSE
Sapajus_apella	1113417	autosomes	NA	1113417	FALSE
Sapajus_apella	1141017	autosomes	NA	1141017	FALSE
Sapajus_apella	1159728	autosomes	NA	1159728	FALSE
Sapajus_apella	1172264	autosomes	NA	1172264	FALSE
Sapajus_apella	1192522	chrX	NA	1192522	FALSE
Sapajus_apella	1210371	autosomes	NA	1210371	FALSE
Sapajus_apella	1240163	autosomes	NA	1240163	FALSE
Sapajus_apella	1270166	autosomes	NA	1270166	FALSE
Sapajus_apella	1308769	autosomes	NA	1308769	FALSE
Sapajus_apella	1320599	autosomes	NA	1320599	FALSE
Sapajus_apella	1330273	autosomes	NA	1330273	FALSE
Sapajus_apella	1334994	autosomes	NA	1334994	FALSE
Sapajus_apella	1422535	autosomes	NA	1422535	FALSE
Sapajus_apella	1422561	autosomes	NA	1422561	FALSE
Sapajus_apella	1495323	autosomes	NA	1495323	FALSE
Sapajus_apella	1502500	autosomes	NA	1502500	FALSE
Sapajus_apella	1548261	chrX	NA	1548261	FALSE
Sapajus_apella	1561483	autosomes	NA	1561483	FALSE
Sapajus_apella	1599132	autosomes	NA	1599132	FALSE
Sapajus_apella	1604934	chrX	NA	1604934	FALSE
Sapajus_apella	1654048	autosomes	NA	1654048	FALSE
Sapajus_apella	1757673	autosomes	NA	1757673	FALSE
Sapajus_apella	1769638	autosomes	NA	1769638	FALSE
Sapajus_apella	1879274	autosomes	NA	1879274	FALSE
Sapajus_apella	2048834	autosomes	NA	2048834	FALSE
Sapajus_apella	2083809	autosomes	NA	2083809	FALSE
Sapajus_apella	2156817	autosomes	NA	2156817	FALSE
Sapajus_apella	2178046	autosomes	NA	2178046	FALSE
Sapajus_apella	2395585	autosomes	NA	2395585	FALSE
Sapajus_apella	2403363	autosomes	NA	2403363	FALSE
Sapajus_apella	2411866	autosomes	NA	2411866	FALSE
Sapajus_apella	2436507	chrX	NA	2436507	FALSE
Sapajus_apella	2443904	autosomes	NA	2443904	FALSE
Sapajus_apella	2454229	autosomes	NA	2454229	FALSE
Sapajus_apella	2463514	autosomes	NA	2463514	FALSE
Sapajus_apella	2481163	autosomes	NA	2481163	FALSE
Sapajus_apella	2529136	autosomes	NA	2529136	FALSE
Sapajus_apella	2534111	autosomes	NA	2534111	FALSE
Sapajus_apella	2544764	autosomes	NA	2544764	FALSE
Sapajus_apella	2547116	autosomes	NA	2547116	FALSE
Sapajus_apella	2585420	autosomes	NA	2585420	FALSE
Sapajus_apella	2587197	chrX	NA	2587197	FALSE
Sapajus_apella	2592823	autosomes	NA	2592823	FALSE
Sapajus_apella	2603526	autosomes	NA	2603526	FALSE
Sapajus_apella	2628243	autosomes	NA	2628243	FALSE
Sapajus_apella	2636526	autosomes	NA	2636526	FALSE
Sapajus_apella	2670696	chrX	NA	2670696	FALSE
Sapajus_apella	2729107	autosomes	NA	2729107	FALSE
Sapajus_apella	2827050	autosomes	NA	2827050	FALSE
Sapajus_apella	2855900	autosomes	NA	2855900	FALSE
Sapajus_apella	2940088	chrX	NA	2940088	FALSE
Sapajus_apella	3048409	autosomes	NA	3048409	FALSE
Sapajus_apella	3148701	autosomes	NA	3148701	FALSE
Sapajus_apella	3198774	chrX	NA	3198774	FALSE
Sapajus_apella	3271946	chrX	NA	3271946	FALSE
Sapajus_apella	3322598	autosomes	NA	3322598	FALSE
Sapajus_apella	3371357	autosomes	NA	3371357	FALSE
Sapajus_apella	3441186	autosomes	NA	3441186	FALSE
Sapajus_apella	3447711	autosomes	NA	3447711	FALSE
Sapajus_apella	3535408	autosomes	NA	3535408	FALSE
Sapajus_apella	3593110	autosomes	NA	3593110	FALSE
Sapajus_apella	3818721	autosomes	NA	3818721	FALSE
Sapajus_apella	4111950	autosomes	NA	4111950	FALSE
Sapajus_apella	4117737	autosomes	NA	4117737	FALSE
Sapajus_apella	4174480	autosomes	NA	4174480	FALSE
Sapajus_apella	4176986	autosomes	NA	4176986	FALSE
Sapajus_apella	4294969	autosomes	NA	4294969	FALSE
Sapajus_apella	4502678	autosomes	NA	4502678	FALSE
Sapajus_apella	4540763	autosomes	NA	4540763	FALSE
Sapajus_apella	4541147	autosomes	NA	4541147	FALSE
Sapajus_apella	4545493	chrX	NA	4545493	FALSE
Sapajus_apella	4755395	autosomes	NA	4755395	FALSE
Sapajus_apella	4766526	autosomes	NA	4766526	FALSE
Sapajus_apella	4968825	autosomes	NA	4968825	FALSE
Sapajus_apella	5032390	autosomes	NA	5032390	FALSE
Sapajus_apella	5068082	autosomes	NA	5068082	FALSE
Sapajus_apella	5261663	autosomes	NA	5261663	FALSE
Sapajus_apella	5478801	autosomes	NA	5478801	FALSE
Sapajus_apella	5618582	autosomes	NA	5618582	FALSE
Sapajus_apella	5659320	chrX	NA	5659320	FALSE
Sapajus_apella	5786291	autosomes	NA	5786291	FALSE
Sapajus_apella	5835039	autosomes	NA	5835039	FALSE
Sapajus_apella	5858339	autosomes	NA	5858339	FALSE
Sapajus_apella	5926353	autosomes	NA	5926353	FALSE
Sapajus_apella	5985135	autosomes	NA	5985135	FALSE
Sapajus_apella	6613027	autosomes	NA	6613027	FALSE
Sapajus_apella	6700122	autosomes	NA	6700122	FALSE
Sapajus_apella	6703301	autosomes	NA	6703301	FALSE
Sapajus_apella	6763453	autosomes	NA	6763453	FALSE
Sapajus_apella	6993164	autosomes	NA	6993164	FALSE
Sapajus_apella	7025567	chrX	NA	7025567	FALSE
Sapajus_apella	7417720	chrX	NA	7417720	FALSE
Sapajus_apella	7471624	chrX	NA	7471624	FALSE
Sapajus_apella	7662076	autosomes	NA	7662076	FALSE
Sapajus_apella	7701396	autosomes	NA	7701396	FALSE
Sapajus_apella	7787152	autosomes	NA	7787152	FALSE
Sapajus_apella	7884080	chrX	NA	7884080	FALSE
Sapajus_apella	7911512	autosomes	NA	7911512	FALSE
Sapajus_apella	8083525	autosomes	NA	8083525	FALSE
Sapajus_apella	8208415	autosomes	NA	8208415	FALSE
Sapajus_apella	8213529	autosomes	NA	8213529	FALSE
Sapajus_apella	8242956	chrX	NA	8242956	FALSE
Sapajus_apella	8327876	autosomes	NA	8327876	FALSE
Sapajus_apella	8589048	chrX	NA	8589048	FALSE
Sapajus_apella	8868419	autosomes	NA	8868419	FALSE
Sapajus_apella	8985676	autosomes	NA	8985676	FALSE
Sapajus_apella	9031383	autosomes	NA	9031383	FALSE
Sapajus_apella	9047197	autosomes	NA	9047197	FALSE
Sapajus_apella	9067246	autosomes	NA	9067246	FALSE
Sapajus_apella	9083168	autosomes	NA	9083168	FALSE
Sapajus_apella	9253358	autosomes	NA	9253358	FALSE
Sapajus_apella	9290712	autosomes	NA	9290712	FALSE
Sapajus_apella	9383587	autosomes	NA	9383587	FALSE
Sapajus_apella	9523370	autosomes	NA	9523370	FALSE
Sapajus_apella	9526285	autosomes	NA	9526285	FALSE
Sapajus_apella	9635673	autosomes	NA	9635673	FALSE
Sapajus_apella	10207870	autosomes	NA	10207870	FALSE
Sapajus_apella	10292023	autosomes	NA	10292023	FALSE
Sapajus_apella	10441356	autosomes	NA	10441356	FALSE
Sapajus_apella	10447410	autosomes	NA	10447410	FALSE
Sapajus_apella	10532236	chrX	NA	10532236	FALSE
Sapajus_apella	10797271	autosomes	NA	10797271	FALSE
Sapajus_apella	10958534	chrX	NA	10958534	FALSE
Sapajus_apella	11081768	autosomes	NA	11081768	FALSE
Sapajus_apella	11091490	autosomes	NA	11091490	FALSE
Sapajus_apella	11454469	autosomes	NA	11454469	FALSE
Sapajus_apella	11575830	autosomes	NA	11575830	FALSE
Sapajus_apella	11999058	autosomes	NA	11999058	FALSE
Sapajus_apella	11999844	autosomes	NA	11999844	FALSE
Sapajus_apella	12097578	autosomes	NA	12097578	FALSE
Sapajus_apella	12213520	autosomes	NA	12213520	FALSE
Sapajus_apella	12584902	autosomes	NA	12584902	FALSE
Sapajus_apella	12881153	autosomes	NA	12881153	FALSE
Sapajus_apella	13452863	autosomes	NA	13452863	FALSE
Sapajus_apella	14292606	autosomes	NA	14292606	FALSE
Sapajus_apella	14332138	autosomes	NA	14332138	FALSE
Sapajus_apella	14519801	autosomes	NA	14519801	FALSE
Sapajus_apella	14609989	autosomes	NA	14609989	FALSE
Sapajus_apella	15359809	autosomes	NA	15359809	FALSE
Sapajus_apella	15531053	autosomes	NA	15531053	FALSE
Sapajus_apella	15583204	autosomes	NA	15583204	FALSE
Sapajus_apella	15854886	autosomes	NA	15854886	FALSE
Sapajus_apella	16753485	autosomes	NA	16753485	FALSE
Sapajus_apella	16773251	autosomes	NA	16773251	FALSE
Sapajus_apella	18029990	autosomes	NA	18029990	FALSE
Sapajus_apella	18125447	autosomes	NA	18125447	FALSE
Sapajus_apella	18332309	autosomes	NA	18332309	FALSE
Sapajus_apella	20201605	autosomes	NA	20201605	FALSE
Sapajus_apella	20301474	autosomes	NA	20301474	FALSE
Sapajus_apella	20465963	autosomes	NA	20465963	FALSE
Sapajus_apella	20717605	autosomes	NA	20717605	FALSE
Sapajus_apella	20851645	autosomes	NA	20851645	FALSE
Sapajus_apella	20974740	autosomes	NA	20974740	FALSE
Sapajus_apella	21019959	autosomes	NA	21019959	FALSE
Sapajus_apella	21586439	autosomes	NA	21586439	FALSE
Sapajus_apella	22389166	autosomes	NA	22389166	FALSE
Sapajus_apella	22527914	autosomes	NA	22527914	FALSE
Sapajus_apella	22684138	autosomes	NA	22684138	FALSE
Sapajus_apella	22917262	autosomes	NA	22917262	FALSE
Sapajus_apella	23594942	autosomes	NA	23594942	FALSE
Sapajus_apella	23742480	autosomes	NA	23742480	FALSE
Sapajus_apella	24009013	autosomes	NA	24009013	FALSE
Sapajus_apella	24979588	autosomes	NA	24979588	FALSE
Sapajus_apella	25042811	autosomes	NA	25042811	FALSE
Sapajus_apella	25112305	autosomes	NA	25112305	FALSE
Sapajus_apella	25513275	autosomes	NA	25513275	FALSE
Sapajus_apella	25526851	autosomes	NA	25526851	FALSE
Sapajus_apella	25567806	autosomes	NA	25567806	FALSE
Sapajus_apella	25809711	autosomes	NA	25809711	FALSE
Sapajus_apella	26995591	autosomes	NA	26995591	FALSE
Sapajus_apella	28600109	autosomes	NA	28600109	FALSE
Sapajus_apella	29216326	autosomes	NA	29216326	FALSE
Sapajus_apella	29504008	autosomes	NA	29504008	FALSE
Sapajus_apella	29592331	autosomes	NA	29592331	FALSE
Sapajus_apella	30602288	autosomes	NA	30602288	FALSE
Sapajus_apella	32424686	autosomes	NA	32424686	FALSE
Sapajus_apella	32482629	chrX	NA	32482629	FALSE
Sapajus_apella	32610092	autosomes	NA	32610092	FALSE
Sapajus_apella	33379821	autosomes	NA	33379821	FALSE
Sapajus_apella	35706336	autosomes	NA	35706336	FALSE
Sapajus_apella	36346922	autosomes	NA	36346922	FALSE
Sapajus_apella	36379087	autosomes	NA	36379087	FALSE
Sapajus_apella	36593858	autosomes	NA	36593858	FALSE
Sapajus_apella	38955669	autosomes	NA	38955669	FALSE
Sapajus_apella	42230938	autosomes	NA	42230938	FALSE
Sapajus_apella	43541515	autosomes	NA	43541515	FALSE
Sapajus_apella	45092537	autosomes	NA	45092537	FALSE
Sapajus_apella	46695501	autosomes	NA	46695501	FALSE
Sapajus_apella	47920308	autosomes	NA	47920308	FALSE
Sapajus_apella	49749922	autosomes	NA	49749922	FALSE
Sapajus_apella	59543523	autosomes	NA	59543523	FALSE
Sapajus_apella	67488802	autosomes	NA	67488802	FALSE
Sapajus_apella	80327249	autosomes	NA	80327249	FALSE
Sapajus_apella	89186728	autosomes	NA	89186728	FALSE
Sapajus_apella	90605281	autosomes	NA	90605281	FALSE
Symphalangus_syndactylus	1e+06	mtDNA	NA	16516	TRUE
Symphalangus_syndactylus	29938336	chrY	chrY	29938336	FALSE
Symphalangus_syndactylus	72981805	autosomes	NA	72981805	FALSE
Symphalangus_syndactylus	78312223	autosomes	NA	78312223	FALSE
Symphalangus_syndactylus	79424044	autosomes	NA	79424044	FALSE
Symphalangus_syndactylus	80751072	autosomes	NA	80751072	FALSE
Symphalangus_syndactylus	95096135	autosomes	NA	95096135	FALSE
Symphalangus_syndactylus	98029838	autosomes	NA	98029838	FALSE
Symphalangus_syndactylus	106261908	autosomes	NA	106261908	FALSE
Symphalangus_syndactylus	111298303	autosomes	NA	111298303	FALSE
Symphalangus_syndactylus	111959805	autosomes	NA	111959805	FALSE
Symphalangus_syndactylus	120311650	autosomes	NA	120311650	FALSE
Symphalangus_syndactylus	124962429	autosomes	NA	124962429	FALSE
Symphalangus_syndactylus	136159655	autosomes	NA	136159655	FALSE
Symphalangus_syndactylus	141396425	autosomes	NA	141396425	FALSE
Symphalangus_syndactylus	142585216	autosomes	NA	142585216	FALSE
Symphalangus_syndactylus	146713733	autosomes	NA	146713733	FALSE
Symphalangus_syndactylus	147755551	autosomes	NA	147755551	FALSE
Symphalangus_syndactylus	153293009	autosomes	NA	153293009	FALSE
Symphalangus_syndactylus	154079787	autosomes	NA	154079787	FALSE
Symphalangus_syndactylus	154492986	autosomes	NA	154492986	FALSE
Symphalangus_syndactylus	154842609	autosomes	NA	154842609	FALSE
Symphalangus_syndactylus	160054556	autosomes	NA	160054556	FALSE
Symphalangus_syndactylus	161705797	autosomes	NA	161705797	FALSE
Symphalangus_syndactylus	165573899	chrX	chrX	165573899	FALSE
Symphalangus_syndactylus	167252203	autosomes	NA	167252203	FALSE
Symphalangus_syndactylus	167654734	autosomes	NA	167654734	FALSE
Theropithecus_gelada	1e+06	autosomes	NA	62861207	TRUE
Theropithecus_gelada	1122797	autosomes	NA	1122797	FALSE
Theropithecus_gelada	1124484	autosomes	NA	1124484	FALSE
Theropithecus_gelada	1155130	autosomes	NA	1155130	FALSE
Theropithecus_gelada	1551605	autosomes	NA	1551605	FALSE
Theropithecus_gelada	2543537	autosomes	NA	2543537	FALSE
Theropithecus_gelada	2646910	autosomes	NA	2646910	FALSE
Theropithecus_gelada	2710940	autosomes	NA	2710940	FALSE
Theropithecus_gelada	5873422	autosomes	NA	5873422	FALSE
Theropithecus_gelada	5874702	autosomes	NA	5874702	FALSE
Theropithecus_gelada	58110696	autosomes	NA	58110696	FALSE
Theropithecus_gelada	58689410	autosomes	NA	58689410	FALSE
Theropithecus_gelada	72621969	autosomes	NA	72621969	FALSE
Theropithecus_gelada	77165238	autosomes	NA	77165238	FALSE
Theropithecus_gelada	77542005	autosomes	NA	77542005	FALSE
Theropithecus_gelada	92848679	autosomes	NA	92848679	FALSE
Theropithecus_gelada	96765312	autosomes	NA	96765312	FALSE
Theropithecus_gelada	107931652	autosomes	NA	107931652	FALSE
Theropithecus_gelada	108639790	autosomes	NA	108639790	FALSE
Theropithecus_gelada	111397652	autosomes	NA	111397652	FALSE
Theropithecus_gelada	118892792	autosomes	NA	118892792	FALSE
Theropithecus_gelada	126097711	autosomes	NA	126097711	FALSE
Theropithecus_gelada	129236938	autosomes	NA	129236938	FALSE
Theropithecus_gelada	130230028	autosomes	NA	130230028	FALSE
Theropithecus_gelada	147341205	autosomes	NA	147341205	FALSE
Theropithecus_gelada	153451627	chrX	chrX	153451627	FALSE
Theropithecus_gelada	170232041	autosomes	NA	170232041	FALSE
Theropithecus_gelada	177691375	autosomes	NA	177691375	FALSE
Theropithecus_gelada	183260707	autosomes	NA	183260707	FALSE
Theropithecus_gelada	186847797	autosomes	NA	186847797	FALSE
Theropithecus_gelada	194193292	autosomes	NA	194193292	FALSE
Theropithecus_gelada	222973213	autosomes	NA	222973213	FALSE
Trachypithecus_francoisi	1e+06	autosomes	NA	82844472	TRUE
Trachypithecus_francoisi	1069231	chrX	NA	1069231	FALSE
Trachypithecus_francoisi	1124543	autosomes	NA	1124543	FALSE
Trachypithecus_francoisi	1129610	chrY	NA	1129610	FALSE
Trachypithecus_francoisi	1167491	autosomes	NA	1167491	FALSE
Trachypithecus_francoisi	1303393	chrX	NA	1303393	FALSE
Trachypithecus_francoisi	1393254	autosomes	NA	1393254	FALSE
Trachypithecus_francoisi	1500227	autosomes	NA	1500227	FALSE
Trachypithecus_francoisi	1506004	autosomes	NA	1506004	FALSE
Trachypithecus_francoisi	1920222	autosomes	NA	1920222	FALSE
Trachypithecus_francoisi	1926794	autosomes	NA	1926794	FALSE
Trachypithecus_francoisi	1950806	chrX	NA	1950806	FALSE
Trachypithecus_francoisi	2703913	autosomes	NA	2703913	FALSE
Trachypithecus_francoisi	3153827	chrX	NA	3153827	FALSE
Trachypithecus_francoisi	3497814	autosomes	NA	3497814	FALSE
Trachypithecus_francoisi	4244080	autosomes	NA	4244080	FALSE
Trachypithecus_francoisi	6072747	chrX	NA	6072747	FALSE
Trachypithecus_francoisi	6862924	autosomes	NA	6862924	FALSE
Trachypithecus_francoisi	9418210	autosomes	NA	9418210	FALSE
Trachypithecus_francoisi	11162170	autosomes	NA	11162170	FALSE
Trachypithecus_francoisi	19784562	autosomes	NA	19784562	FALSE
Trachypithecus_francoisi	23459447	autosomes	NA	23459447	FALSE
Trachypithecus_francoisi	31591845	autosomes	NA	31591845	FALSE
Trachypithecus_francoisi	36897709	autosomes	NA	36897709	FALSE
Trachypithecus_francoisi	50699013	autosomes	NA	50699013	FALSE
Trachypithecus_francoisi	60158956	autosomes	NA	60158956	FALSE
Trachypithecus_francoisi	63123414	autosomes	NA	63123414	FALSE
Trachypithecus_francoisi	72259912	autosomes	NA	72259912	FALSE
Trachypithecus_francoisi	73783151	autosomes	NA	73783151	FALSE
Trachypithecus_francoisi	78391584	autosomes	NA	78391584	FALSE
Trachypithecus_francoisi	99208484	autosomes	NA	99208484	FALSE
Trachypithecus_francoisi	100324618	autosomes	NA	100324618	FALSE
Trachypithecus_francoisi	108522468	autosomes	NA	108522468	FALSE
Trachypithecus_francoisi	115101330	autosomes	NA	115101330	FALSE
Trachypithecus_francoisi	121848611	autosomes	NA	121848611	FALSE
Trachypithecus_francoisi	122769948	autosomes	NA	122769948	FALSE
Trachypithecus_francoisi	130977661	chrX	NA	130977661	FALSE
Trachypithecus_francoisi	130980137	autosomes	NA	130980137	FALSE
Trachypithecus_francoisi	131301441	autosomes	NA	131301441	FALSE
Trachypithecus_francoisi	132225743	autosomes	NA	132225743	FALSE
Trachypithecus_francoisi	149663456	autosomes	NA	149663456	FALSE
Trachypithecus_francoisi	152497813	autosomes	NA	152497813	FALSE
Trachypithecus_francoisi	164879359	autosomes	NA	164879359	FALSE
Trachypithecus_francoisi	178942783	autosomes	NA	178942783	FALSE
Trachypithecus_francoisi	183718082	autosomes	NA	183718082	FALSE
Trachypithecus_francoisi	196507945	autosomes	NA	196507945	FALSE
Varecia_variegata	1e+06	autosomes	NA	264926455	TRUE
Varecia_variegata	6068531	autosomes	NA	6068531	FALSE
Varecia_variegata	11225350	autosomes	NA	11225350	FALSE
Varecia_variegata	12347520	autosomes	NA	12347520	FALSE
Varecia_variegata	20962782	autosomes	NA	20962782	FALSE
Varecia_variegata	21005848	autosomes	NA	21005848	FALSE
Varecia_variegata	23427024	autosomes	NA	23427024	FALSE
Varecia_variegata	25603087	autosomes	NA	25603087	FALSE
Varecia_variegata	32034021	autosomes	NA	32034021	FALSE
Varecia_variegata	32302507	autosomes	NA	32302507	FALSE
Varecia_variegata	32714807	autosomes	NA	32714807	FALSE
Varecia_variegata	61599305	autosomes	NA	61599305	FALSE
Varecia_variegata	67524461	autosomes	NA	67524461	FALSE
Varecia_variegata	95448993	chrX	NA	95448993	FALSE
Varecia_variegata	107439057	autosomes	NA	107439057	FALSE
Varecia_variegata	128811464	autosomes	NA	128811464	FALSE
Varecia_variegata	134838821	autosomes	NA	134838821	FALSE
Varecia_variegata	147426453	autosomes	NA	147426453	FALSE
Varecia_variegata	151227565	autosomes	NA	151227565	FALSE
Varecia_variegata	175896000	autosomes	NA	175896000	FALSE
Varecia_variegata	181117750	autosomes	NA	181117750	FALSE
Varecia_variegata	184739164	autosomes	NA	184739164	FALSE
Varecia_variegata	209009727	autosomes	NA	209009727	FALSE
Homo_sapiens	45090682	autosomes	NA	45090682	FALSE
Homo_sapiens	51324926	autosomes	NA	51324926	FALSE
Homo_sapiens	61707364	autosomes	NA	61707364	FALSE
Homo_sapiens	62460029	chrY	chrY	62460029	FALSE
Homo_sapiens	66210255	autosomes	NA	66210255	FALSE
Homo_sapiens	80542538	autosomes	NA	80542538	FALSE
Homo_sapiens	84276897	autosomes	NA	84276897	FALSE
Homo_sapiens	96330374	autosomes	NA	96330374	FALSE
Homo_sapiens	99753195	autosomes	NA	99753195	FALSE
Homo_sapiens	101161492	autosomes	NA	101161492	FALSE
Homo_sapiens	113566686	autosomes	NA	113566686	FALSE
Homo_sapiens	133324548	autosomes	NA	133324548	FALSE
Homo_sapiens	134758134	autosomes	NA	134758134	FALSE
Homo_sapiens	135127769	autosomes	NA	135127769	FALSE
Homo_sapiens	146259331	autosomes	NA	146259331	FALSE
Homo_sapiens	150617247	autosomes	NA	150617247	FALSE
Homo_sapiens	154259566	chrX	chrX	154259566	FALSE
Homo_sapiens	160567428	autosomes	NA	160567428	FALSE
Homo_sapiens	172126628	autosomes	NA	172126628	FALSE
Homo_sapiens	182045439	autosomes	NA	182045439	FALSE
Homo_sapiens	193574945	autosomes	NA	193574945	FALSE
Homo_sapiens	201105948	autosomes	NA	201105948	FALSE
Homo_sapiens	242696752	autosomes	NA	242696752	FALSE
Homo_sapiens	248387328	autosomes	NA	248387328	FALSE
Tupaia_belangeri	1e+06	autosomes	NA	102561400	TRUE
Tupaia_belangeri	21675798	autosomes	NA	21675798	FALSE
Tupaia_belangeri	22611674	autosomes	NA	22611674	FALSE
Tupaia_belangeri	25819293	autosomes	NA	25819293	FALSE
Tupaia_belangeri	26508867	autosomes	NA	26508867	FALSE
Tupaia_belangeri	30576274	autosomes	NA	30576274	FALSE
Tupaia_belangeri	42000901	autosomes	NA	42000901	FALSE
Tupaia_belangeri	42262476	autosomes	NA	42262476	FALSE
Tupaia_belangeri	43822853	autosomes	NA	43822853	FALSE
Tupaia_belangeri	49773139	autosomes	NA	49773139	FALSE
Tupaia_belangeri	52051345	autosomes	NA	52051345	FALSE
Tupaia_belangeri	54555981	autosomes	NA	54555981	FALSE
Tupaia_belangeri	57328337	autosomes	NA	57328337	FALSE
Tupaia_belangeri	63467664	autosomes	NA	63467664	FALSE
Tupaia_belangeri	66958136	autosomes	NA	66958136	FALSE
Tupaia_belangeri	69746097	autosomes	NA	69746097	FALSE
Tupaia_belangeri	71760103	autosomes	NA	71760103	FALSE
Tupaia_belangeri	89550385	autosomes	NA	89550385	FALSE
Tupaia_belangeri	92324411	autosomes	NA	92324411	FALSE
Tupaia_belangeri	94037081	autosomes	NA	94037081	FALSE
Tupaia_belangeri	97538608	autosomes	NA	97538608	FALSE
Tupaia_belangeri	101339252	autosomes	NA	101339252	FALSE
Tupaia_belangeri	104643080	autosomes	NA	104643080	FALSE
Tupaia_belangeri	108089109	autosomes	NA	108089109	FALSE
Tupaia_belangeri	108272512	autosomes	NA	108272512	FALSE
Tupaia_belangeri	117407209	autosomes	NA	117407209	FALSE
Tupaia_belangeri	118708346	chrX	chrX	118708346	FALSE
Tupaia_belangeri	120916967	autosomes	NA	120916967	FALSE
Tupaia_belangeri	121549664	autosomes	NA	121549664	FALSE
Tupaia_belangeri	137207235	autosomes	NA	137207235	FALSE
Tupaia_belangeri	187992121	autosomes	NA	187992121	FALSE
Tupaia_belangeri	224450918	autosomes	NA	224450918	FALSE
